"../../../Engine/Plugins/Animation/ACLPlugin/Content/ACLAnimBoneCompressionSettings.uasset" 0
"../../../Engine/Plugins/Animation/ACLPlugin/Content/ACLAnimBoneCompressionSettings.uexp" 1
"../../../Engine/Plugins/2D/Paper2D/Content/PlaceholderTextures/DummySpriteTexture.ubulk" 2
"../../../Engine/Plugins/2D/Paper2D/Content/PlaceholderTextures/DummySpriteTexture.uasset" 3
"../../../Engine/Plugins/2D/Paper2D/Content/PlaceholderTextures/DummySpriteTexture.uexp" 4
"../../../Engine/Plugins/2D/Paper2D/Content/DummySprite.uasset" 5
"../../../Engine/Plugins/2D/Paper2D/Content/DummySprite.uexp" 6
"../../../Engine/Plugins/2D/Paper2D/Content/DefaultPaperTerrainMaterial.uasset" 7
"../../../Engine/Plugins/2D/Paper2D/Content/DefaultPaperTerrainMaterial.uexp" 8
"../../../Engine/Content/EngineSounds/Master.uasset" 9
"../../../Engine/Content/EngineSounds/Master.uexp" 10
"../../../Engine/Content/EngineMaterials/DefaultPhysicalMaterial.uasset" 11
"../../../Engine/Content/EngineMaterials/DefaultPhysicalMaterial.uexp" 12
"../../../Engine/Content/EngineMaterials/DefaultDestructiblePhysicalMaterial.uasset" 13
"../../../Engine/Content/EngineMaterials/DefaultDestructiblePhysicalMaterial.uexp" 14
"../../../Engine/Content/EngineFonts/Faces/DroidSansFallback.uexp" 15
"../../../Engine/Content/EngineFonts/Faces/DroidSansFallback.uasset" 16
"../../../Engine/Content/EngineFonts/Faces/DroidSansFallback.ufont" 17
"../../../Engine/Content/EngineFonts/Faces/RobotoBold.uexp" 18
"../../../Engine/Content/EngineFonts/Faces/RobotoBold.uasset" 19
"../../../Engine/Content/EngineFonts/Faces/RobotoBold.ufont" 20
"../../../Engine/Content/EngineFonts/Faces/RobotoBoldItalic.uexp" 21
"../../../Engine/Content/EngineFonts/Faces/RobotoBoldItalic.uasset" 22
"../../../Engine/Content/EngineFonts/Faces/RobotoBoldItalic.ufont" 23
"../../../Engine/Content/EngineFonts/Faces/RobotoItalic.uexp" 24
"../../../Engine/Content/EngineFonts/Faces/RobotoItalic.uasset" 25
"../../../Engine/Content/EngineFonts/Faces/RobotoItalic.ufont" 26
"../../../Engine/Content/EngineFonts/Faces/RobotoLight.uexp" 27
"../../../Engine/Content/EngineFonts/Faces/RobotoLight.uasset" 28
"../../../Engine/Content/EngineFonts/Faces/RobotoLight.ufont" 29
"../../../Engine/Content/EngineFonts/Faces/RobotoRegular.uexp" 30
"../../../Engine/Content/EngineFonts/Faces/RobotoRegular.uasset" 31
"../../../Engine/Content/EngineFonts/Faces/RobotoRegular.ufont" 32
"../../../Engine/Content/EngineFonts/Roboto.uasset" 33
"../../../Engine/Content/EngineFonts/Roboto.uexp" 34
"../../../Engine/Content/EngineFonts/Faces/DroidSansMono.uexp" 35
"../../../Engine/Content/EngineFonts/Faces/DroidSansMono.uasset" 36
"../../../Engine/Content/EngineFonts/Faces/DroidSansMono.ufont" 37
"../../../Engine/Content/EngineFonts/DroidSansMono.uasset" 38
"../../../Engine/Content/EngineFonts/DroidSansMono.uexp" 39
"../../../Engine/Plugins/Interchange/Runtime/Content/Pipelines/DefaultTexturePipeline.uasset" 40
"../../../Engine/Plugins/Interchange/Runtime/Content/Pipelines/DefaultTexturePipeline.uexp" 41
"../../../Engine/Plugins/Interchange/Runtime/Content/Pipelines/DefaultSceneLevelPipeline.uasset" 42
"../../../Engine/Plugins/Interchange/Runtime/Content/Pipelines/DefaultSceneLevelPipeline.uexp" 43
"../../../Engine/Plugins/Interchange/Runtime/Content/Pipelines/DefaultSceneAssetsPipeline.uasset" 44
"../../../Engine/Plugins/Interchange/Runtime/Content/Pipelines/DefaultSceneAssetsPipeline.uexp" 45
"../../../Engine/Plugins/Interchange/Runtime/Content/Pipelines/DefaultMaterialXPipeline.uasset" 46
"../../../Engine/Plugins/Interchange/Runtime/Content/Pipelines/DefaultMaterialXPipeline.uexp" 47
"../../../Engine/Plugins/Interchange/Runtime/Content/Pipelines/DefaultMaterialPipeline.uasset" 48
"../../../Engine/Plugins/Interchange/Runtime/Content/Pipelines/DefaultMaterialPipeline.uexp" 49
"../../../Engine/Plugins/Interchange/Runtime/Content/Pipelines/DefaultGLTFSceneAssetsPipeline.uasset" 50
"../../../Engine/Plugins/Interchange/Runtime/Content/Pipelines/DefaultGLTFSceneAssetsPipeline.uexp" 51
"../../../Engine/Plugins/Interchange/Runtime/Content/Pipelines/DefaultGLTFPipeline.uasset" 52
"../../../Engine/Plugins/Interchange/Runtime/Content/Pipelines/DefaultGLTFPipeline.uexp" 53
"../../../Engine/Plugins/Interchange/Runtime/Content/Pipelines/DefaultGLTFAssetsPipeline.uasset" 54
"../../../Engine/Plugins/Interchange/Runtime/Content/Pipelines/DefaultGLTFAssetsPipeline.uexp" 55
"../../../Engine/Plugins/Interchange/Runtime/Content/Pipelines/DefaultAssetsPipeline.uasset" 56
"../../../Engine/Plugins/Interchange/Runtime/Content/Pipelines/DefaultAssetsPipeline.uexp" 57
"../../../Engine/Plugins/NNE/NNEDenoiser/Content/NNEDTOM_Output_Default.uasset" 58
"../../../Engine/Plugins/NNE/NNEDenoiser/Content/NNEDTOM_Output_Default.uexp" 59
"../../../Engine/Plugins/NNE/NNEDenoiser/Content/NNEDTOM_Output_Alpha.uasset" 60
"../../../Engine/Plugins/NNE/NNEDenoiser/Content/NNEDTOM_Output_Alpha.uexp" 61
"../../../Engine/Plugins/NNE/NNEDenoiser/Content/NNEDTIM_ColorAlbedoNormal_Default.uasset" 62
"../../../Engine/Plugins/NNE/NNEDenoiser/Content/NNEDTIM_ColorAlbedoNormal_Default.uexp" 63
"../../../Engine/Plugins/NNE/NNEDenoiser/Content/NNEDTIM_ColorAlbedoNormal_Alpha.uasset" 64
"../../../Engine/Plugins/NNE/NNEDenoiser/Content/NNEDTIM_ColorAlbedoNormal_Alpha.uexp" 65
"../../../Engine/Plugins/NNE/NNEDenoiser/Content/NNEDOM_Output_Default.uasset" 66
"../../../Engine/Plugins/NNE/NNEDenoiser/Content/NNEDOM_Output_Default.uexp" 67
"../../../Engine/Plugins/NNE/NNEDenoiser/Content/NNEDOM_Output_Alpha.uasset" 68
"../../../Engine/Plugins/NNE/NNEDenoiser/Content/NNEDOM_Output_Alpha.uexp" 69
"../../../Engine/Plugins/NNE/NNEDenoiser/Content/NNEDIM_HighQuality_Default.uasset" 70
"../../../Engine/Plugins/NNE/NNEDenoiser/Content/NNEDIM_HighQuality_Default.uexp" 71
"../../../Engine/Plugins/NNE/NNEDenoiser/Content/NNEDIM_HighQuality_Alpha.uasset" 72
"../../../Engine/Plugins/NNE/NNEDenoiser/Content/NNEDIM_HighQuality_Alpha.uexp" 73
"../../../Engine/Plugins/NNE/NNEDenoiser/Content/NNEDIM_ColorAlbedoNormal_Default.uasset" 74
"../../../Engine/Plugins/NNE/NNEDenoiser/Content/NNEDIM_ColorAlbedoNormal_Default.uexp" 75
"../../../Engine/Plugins/NNE/NNEDenoiser/Content/NNEDIM_ColorAlbedoNormal_Alpha.uasset" 76
"../../../Engine/Plugins/NNE/NNEDenoiser/Content/NNEDIM_ColorAlbedoNormal_Alpha.uexp" 77
"../../../Engine/Content/EngineResources/GradientTexture0.uasset" 78
"../../../Engine/Content/EngineResources/GradientTexture0.uexp" 79
"../../../Engine/Content/EngineResources/DefaultTexture.ubulk" 80
"../../../Engine/Content/EngineResources/DefaultTexture.uasset" 81
"../../../Engine/Content/EngineResources/DefaultTexture.uexp" 82
"../../../Engine/Content/EngineResources/Black.uasset" 83
"../../../Engine/Content/EngineResources/Black.uexp" 84
"../../../Engine/Content/EngineMaterials/PreintegratedSkinBRDF.uasset" 85
"../../../Engine/Content/EngineMaterials/PreintegratedSkinBRDF.uexp" 86
"../../../Engine/Content/EngineMaterials/MiniFont.uasset" 87
"../../../Engine/Content/EngineMaterials/MiniFont.uexp" 88
"../../../Engine/Content/EngineMaterials/FastBlueNoise_vec2_128x128x64.uasset" 89
"../../../Engine/Content/EngineMaterials/FastBlueNoise_vec2_128x128x64.uexp" 90
"../../../Engine/Content/EngineMaterials/FastBlueNoise_scalar_128x128x8.uasset" 91
"../../../Engine/Content/EngineMaterials/FastBlueNoise_scalar_128x128x8.uexp" 92
"../../../Engine/Content/EngineMaterials/FastBlueNoise_scalar_128x128x64.uasset" 93
"../../../Engine/Content/EngineMaterials/FastBlueNoise_scalar_128x128x64.uexp" 94
"../../../Engine/Content/EngineMaterials/DefaultWhiteGrid.ubulk" 95
"../../../Engine/Content/EngineMaterials/DefaultWhiteGrid.uasset" 96
"../../../Engine/Content/EngineMaterials/DefaultWhiteGrid.uexp" 97
"../../../Engine/Content/EngineMaterials/DefaultBokeh.uasset" 98
"../../../Engine/Content/EngineMaterials/DefaultBokeh.uexp" 99
"../../../Engine/Content/EngineMaterials/DefaultBloomKernel.uasset" 100
"../../../Engine/Content/EngineMaterials/DefaultBloomKernel.uexp" 101
"../../../Engine/Content/EditorResources/S_TriggerSphere.uasset" 102
"../../../Engine/Content/EditorResources/S_TriggerSphere.uexp" 103
"../../../Engine/Content/EditorResources/S_TriggerCapsule.uasset" 104
"../../../Engine/Content/EditorResources/S_TriggerCapsule.uexp" 105
"../../../Engine/Content/EditorResources/S_TriggerBox.uasset" 106
"../../../Engine/Content/EditorResources/S_TriggerBox.uexp" 107
"../../../Engine/Content/EditorResources/S_Trigger.ubulk" 108
"../../../Engine/Content/EditorResources/S_Trigger.uasset" 109
"../../../Engine/Content/EditorResources/S_Trigger.uexp" 110
"../../../Engine/Content/EditorResources/S_Terrain.ubulk" 111
"../../../Engine/Content/EditorResources/S_Terrain.uasset" 112
"../../../Engine/Content/EditorResources/S_Terrain.uexp" 113
"../../../Engine/Content/EditorResources/S_Solver.ubulk" 114
"../../../Engine/Content/EditorResources/S_Solver.uasset" 115
"../../../Engine/Content/EditorResources/S_Solver.uexp" 116
"../../../Engine/Content/EditorResources/S_BoxReflectionCapture.uasset" 117
"../../../Engine/Content/EditorResources/S_BoxReflectionCapture.uexp" 118
"../../../Engine/Content/EditorResources/S_Actor.ubulk" 119
"../../../Engine/Content/EditorResources/S_Actor.uasset" 120
"../../../Engine/Content/EditorResources/S_Actor.uexp" 121
"../../../Engine/Content/EditorResources/BSPVertex.uasset" 122
"../../../Engine/Content/EditorResources/BSPVertex.uexp" 123
"../../../Engine/Plugins/Runtime/AudioWidgets/Content/Resources/ScrubHandleDown_Clamped.uasset" 124
"../../../Engine/Plugins/Runtime/AudioWidgets/Content/Resources/ScrubHandleDown_Clamped.uexp" 125
"../../../Engine/Content/EngineResources/FilmGrains/Marcie_Grain_v3_128_M2_000.uasset" 126
"../../../Engine/Content/EngineResources/FilmGrains/Marcie_Grain_v3_128_M2_000.uexp" 127
"../../../Engine/Content/EngineResources/Development/ZenLogo_64.uasset" 128
"../../../Engine/Content/EngineResources/Development/ZenLogo_64.uexp" 129
"../../../Engine/Content/EngineMaterials/LTC/Sheen_LTC.uasset" 130
"../../../Engine/Content/EngineMaterials/LTC/Sheen_LTC.uexp" 131
"../../../Engine/Content/EngineMaterials/LTC/GGX_LTCMat.uasset" 132
"../../../Engine/Content/EngineMaterials/LTC/GGX_LTCMat.uexp" 133
"../../../Engine/Content/EngineMaterials/LTC/GGX_LTCAmp.uasset" 134
"../../../Engine/Content/EngineMaterials/LTC/GGX_LTCAmp.uexp" 135
"../../../Engine/Content/EngineMaterials/EnergyConservation/Sheen_Energy.uasset" 136
"../../../Engine/Content/EngineMaterials/EnergyConservation/Sheen_Energy.uexp" 137
"../../../Engine/Content/EngineMaterials/EnergyConservation/SheenLegacy_Energy.uasset" 138
"../../../Engine/Content/EngineMaterials/EnergyConservation/SheenLegacy_Energy.uexp" 139
"../../../Engine/Content/EngineMaterials/EnergyConservation/GGX_TransmissionEnergyArray.uasset" 140
"../../../Engine/Content/EngineMaterials/EnergyConservation/GGX_TransmissionEnergyArray.uexp" 141
"../../../Engine/Content/EngineMaterials/EnergyConservation/GGX_ReflectionEnergy.uasset" 142
"../../../Engine/Content/EngineMaterials/EnergyConservation/GGX_ReflectionEnergy.uexp" 143
"../../../Engine/Content/EngineMaterials/EnergyConservation/Diffuse_Energy.uasset" 144
"../../../Engine/Content/EngineMaterials/EnergyConservation/Diffuse_Energy.uexp" 145
"../../../Engine/Content/EditorResources/SequenceRecorder/RecordingIndicator.uasset" 146
"../../../Engine/Content/EditorResources/SequenceRecorder/RecordingIndicator.uexp" 147
"../../../Engine/Content/EditorResources/SequenceRecorder/Countdown.uasset" 148
"../../../Engine/Content/EditorResources/SequenceRecorder/Countdown.uexp" 149
"../../../Engine/Content/EditorMaterials/ParticleSystems/PSysThumbnail_OOD.ubulk" 150
"../../../Engine/Content/EditorMaterials/ParticleSystems/PSysThumbnail_OOD.uasset" 151
"../../../Engine/Content/EditorMaterials/ParticleSystems/PSysThumbnail_OOD.uexp" 152
"../../../Engine/Content/EditorMaterials/ParticleSystems/PSysThumbnail_NoImage.ubulk" 153
"../../../Engine/Content/EditorMaterials/ParticleSystems/PSysThumbnail_NoImage.uasset" 154
"../../../Engine/Content/EditorMaterials/ParticleSystems/PSysThumbnail_NoImage.uexp" 155
"../../../Engine/Content/EngineDamageTypes/DmgTypeBP_Environmental.uasset" 156
"../../../Engine/Content/EngineDamageTypes/DmgTypeBP_Environmental.uexp" 157
"../../../Engine/Content/EngineMeshes/Sphere.ubulk" 158
"../../../Engine/Content/EngineMeshes/Sphere.uasset" 159
"../../../Engine/Content/EngineMeshes/Sphere.uexp" 160
"../../../Engine/Content/EngineMaterials/Substrate/Glints2/AGlintTex2dArray2.uasset" 161
"../../../Engine/Content/EngineMaterials/Substrate/Glints2/AGlintTex2dArray2.uexp" 162
"../../../Engine/Content/Functions/Engine_MaterialFunctions01/Shading/ConvertFromDiffSpec.uasset" 163
"../../../Engine/Content/Functions/Engine_MaterialFunctions01/Shading/ConvertFromDiffSpec.uexp" 164
"../../../Engine/Content/Functions/Engine_MaterialFunctions01/Shading/PowerToRoughness.uasset" 165
"../../../Engine/Content/Functions/Engine_MaterialFunctions01/Shading/PowerToRoughness.uexp" 166
"../../../Engine/Content/EngineMaterials/Substrate/GLints/AGlintTex2dArray.uasset" 167
"../../../Engine/Content/EngineMaterials/Substrate/GLints/AGlintTex2dArray.uexp" 168
"../../../Engine/Content/EngineMaterials/T_Default_Material_Grid_M.ubulk" 169
"../../../Engine/Content/EngineMaterials/T_Default_Material_Grid_M.uasset" 170
"../../../Engine/Content/EngineMaterials/T_Default_Material_Grid_M.uexp" 171
"../../../Engine/Content/EngineMaterials/T_Default_Material_Grid_N.ubulk" 172
"../../../Engine/Content/EngineMaterials/T_Default_Material_Grid_N.uasset" 173
"../../../Engine/Content/EngineMaterials/T_Default_Material_Grid_N.uexp" 174
"../../../Engine/Content/Functions/Engine_MaterialFunctions01/Opacity/CameraDepthFade.uasset" 175
"../../../Engine/Content/Functions/Engine_MaterialFunctions01/Opacity/CameraDepthFade.uexp" 176
"../../../Engine/Content/EngineMaterials/WorldGridMaterial.uasset" 177
"../../../Engine/Content/EngineMaterials/WorldGridMaterial.uexp" 178
"../../../Engine/Content/ArtTools/RenderToTexture/Meshes/S_1_Unit_Plane.ubulk" 179
"../../../Engine/Content/ArtTools/RenderToTexture/Meshes/S_1_Unit_Plane.uasset" 180
"../../../Engine/Content/ArtTools/RenderToTexture/Meshes/S_1_Unit_Plane.uexp" 181
"../../../Engine/Content/Functions/Engine_MaterialFunctions02/Utility/MakeFloat3.uasset" 182
"../../../Engine/Content/Functions/Engine_MaterialFunctions02/Utility/MakeFloat3.uexp" 183
"../../../Engine/Plugins/Interchange/Assets/Content/Utilities/New_LUT.uasset" 184
"../../../Engine/Plugins/Interchange/Assets/Content/Utilities/New_LUT.uexp" 185
"../../../Engine/Content/Functions/Engine_MaterialFunctions02/Utility/BreakOutFloat3Components.uasset" 186
"../../../Engine/Content/Functions/Engine_MaterialFunctions02/Utility/BreakOutFloat3Components.uexp" 187
"../../../Engine/Content/Functions/Engine_MaterialFunctions03/Math/RemapValueRange.uasset" 188
"../../../Engine/Content/Functions/Engine_MaterialFunctions03/Math/RemapValueRange.uexp" 189
"../../../Engine/Plugins/Interchange/Assets/Content/Functions/MF_Iridescence.uasset" 190
"../../../Engine/Plugins/Interchange/Assets/Content/Functions/MF_Iridescence.uexp" 191
"../../../Engine/Plugins/Interchange/Assets/Content/gltf/Textures/T_White_srgb.uasset" 192
"../../../Engine/Plugins/Interchange/Assets/Content/gltf/Textures/T_White_srgb.uexp" 193
"../../../Engine/Plugins/Interchange/Assets/Content/gltf/MaterialFunctions/MF_BaseColor.uasset" 194
"../../../Engine/Plugins/Interchange/Assets/Content/gltf/MaterialFunctions/MF_BaseColor.uexp" 195
"../../../Engine/Plugins/Interchange/Assets/Content/gltf/MaterialFunctions/MF_RotateV2.uasset" 196
"../../../Engine/Plugins/Interchange/Assets/Content/gltf/MaterialFunctions/MF_RotateV2.uexp" 197
"../../../Engine/Plugins/Interchange/Assets/Content/gltf/MaterialFunctions/MF_TransformUVs.uasset" 198
"../../../Engine/Plugins/Interchange/Assets/Content/gltf/MaterialFunctions/MF_TransformUVs.uexp" 199
"../../../Engine/Plugins/Interchange/Assets/Content/gltf/MaterialFunctions/MF_IOR.uasset" 200
"../../../Engine/Plugins/Interchange/Assets/Content/gltf/MaterialFunctions/MF_IOR.uexp" 201
"../../../Engine/Plugins/Interchange/Assets/Content/Functions/MF_IridescenceNoLUT.uasset" 202
"../../../Engine/Plugins/Interchange/Assets/Content/Functions/MF_IridescenceNoLUT.uexp" 203
"../../../Engine/Plugins/Interchange/Assets/Content/gltf/MaterialFunctions/MF_Iridescence.uasset" 204
"../../../Engine/Plugins/Interchange/Assets/Content/gltf/MaterialFunctions/MF_Iridescence.uexp" 205
"../../../Engine/Plugins/Interchange/Assets/Content/gltf/Textures/T_White_Linear.uasset" 206
"../../../Engine/Plugins/Interchange/Assets/Content/gltf/Textures/T_White_Linear.uexp" 207
"../../../Engine/Plugins/Interchange/Assets/Content/gltf/MaterialFunctions/MF_MetallicRoughness.uasset" 208
"../../../Engine/Plugins/Interchange/Assets/Content/gltf/MaterialFunctions/MF_MetallicRoughness.uexp" 209
"../../../Engine/Content/Functions/Engine_MaterialFunctions02/Math/Transform3x3Matrix.uasset" 210
"../../../Engine/Content/Functions/Engine_MaterialFunctions02/Math/Transform3x3Matrix.uexp" 211
"../../../Engine/Plugins/Interchange/Assets/Content/gltf/MaterialFunctions/MF_RotateNormals_TS.uasset" 212
"../../../Engine/Plugins/Interchange/Assets/Content/gltf/MaterialFunctions/MF_RotateNormals_TS.uexp" 213
"../../../Engine/Plugins/Interchange/Assets/Content/gltf/MaterialFunctions/MF_ScaleNormal.uasset" 214
"../../../Engine/Plugins/Interchange/Assets/Content/gltf/MaterialFunctions/MF_ScaleNormal.uexp" 215
"../../../Engine/Plugins/Interchange/Assets/Content/gltf/Textures/T_Generic_N.uasset" 216
"../../../Engine/Plugins/Interchange/Assets/Content/gltf/Textures/T_Generic_N.uexp" 217
"../../../Engine/Plugins/Interchange/Assets/Content/gltf/MaterialFunctions/MF_Normals.uasset" 218
"../../../Engine/Plugins/Interchange/Assets/Content/gltf/MaterialFunctions/MF_Normals.uexp" 219
"../../../Engine/Plugins/Interchange/Assets/Content/gltf/MaterialFunctions/MF_Occlusion.uasset" 220
"../../../Engine/Plugins/Interchange/Assets/Content/gltf/MaterialFunctions/MF_Occlusion.uexp" 221
"../../../Engine/Plugins/Interchange/Assets/Content/gltf/MaterialFunctions/MF_Specular.uasset" 222
"../../../Engine/Plugins/Interchange/Assets/Content/gltf/MaterialFunctions/MF_Specular.uexp" 223
"../../../Engine/Plugins/Interchange/Assets/Content/gltf/Textures/T_Anisotropy_Direction_Linear.uasset" 224
"../../../Engine/Plugins/Interchange/Assets/Content/gltf/Textures/T_Anisotropy_Direction_Linear.uexp" 225
"../../../Engine/Plugins/Interchange/Assets/Content/gltf/MaterialFunctions/MF_SpecularAnisotropy.uasset" 226
"../../../Engine/Plugins/Interchange/Assets/Content/gltf/MaterialFunctions/MF_SpecularAnisotropy.uexp" 227
"../../../Engine/Plugins/Interchange/Assets/Content/gltf/MaterialFunctions/MF_Emissive.uasset" 228
"../../../Engine/Plugins/Interchange/Assets/Content/gltf/MaterialFunctions/MF_Emissive.uexp" 229
"../../../Engine/Content/Functions/Engine_MaterialFunctions01/Texturing/FlattenNormal.uasset" 230
"../../../Engine/Content/Functions/Engine_MaterialFunctions01/Texturing/FlattenNormal.uexp" 231
"../../../Engine/Plugins/Interchange/Assets/Content/gltf/MaterialFunctions/MF_Clearcoat.uasset" 232
"../../../Engine/Plugins/Interchange/Assets/Content/gltf/MaterialFunctions/MF_Clearcoat.uexp" 233
"../../../Engine/Plugins/Interchange/Assets/Content/gltf/MaterialBodies/MF_ClearCoat_Body.uasset" 234
"../../../Engine/Plugins/Interchange/Assets/Content/gltf/MaterialBodies/MF_ClearCoat_Body.uexp" 235
"../../../Engine/Plugins/Interchange/Assets/Content/gltf/M_ClearCoat.uasset" 236
"../../../Engine/Plugins/Interchange/Assets/Content/gltf/M_ClearCoat.uexp" 237
"../../../Engine/Plugins/Interchange/Assets/Content/gltf/MaterialInstances/MI_ClearCoat_Blend.uasset" 238
"../../../Engine/Plugins/Interchange/Assets/Content/gltf/MaterialInstances/MI_ClearCoat_Blend.uexp" 239
"../../../Engine/Plugins/Interchange/Assets/Content/gltf/MaterialInstances/MI_ClearCoat_Blend_DS.uasset" 240
"../../../Engine/Plugins/Interchange/Assets/Content/gltf/MaterialInstances/MI_ClearCoat_Blend_DS.uexp" 241
"../../../Engine/Plugins/Interchange/Assets/Content/gltf/MaterialInstances/MI_ClearCoat_Mask.uasset" 242
"../../../Engine/Plugins/Interchange/Assets/Content/gltf/MaterialInstances/MI_ClearCoat_Mask.uexp" 243
"../../../Engine/Plugins/Interchange/Assets/Content/gltf/MaterialInstances/MI_ClearCoat_Mask_DS.uasset" 244
"../../../Engine/Plugins/Interchange/Assets/Content/gltf/MaterialInstances/MI_ClearCoat_Mask_DS.uexp" 245
"../../../Engine/Plugins/Interchange/Assets/Content/gltf/MaterialInstances/MI_ClearCoat_Opaque.uasset" 246
"../../../Engine/Plugins/Interchange/Assets/Content/gltf/MaterialInstances/MI_ClearCoat_Opaque.uexp" 247
"../../../Engine/Plugins/Interchange/Assets/Content/gltf/MaterialInstances/MI_ClearCoat_Opaque_DS.uasset" 248
"../../../Engine/Plugins/Interchange/Assets/Content/gltf/MaterialInstances/MI_ClearCoat_Opaque_DS.uexp" 249
"../../../Engine/Plugins/Interchange/Assets/Content/gltf/MaterialBodies/MF_Default_Body.uasset" 250
"../../../Engine/Plugins/Interchange/Assets/Content/gltf/MaterialBodies/MF_Default_Body.uexp" 251
"../../../Engine/Plugins/Interchange/Assets/Content/gltf/M_Default.uasset" 252
"../../../Engine/Plugins/Interchange/Assets/Content/gltf/M_Default.uexp" 253
"../../../Engine/Plugins/Interchange/Assets/Content/gltf/MaterialInstances/MI_Default_Blend.uasset" 254
"../../../Engine/Plugins/Interchange/Assets/Content/gltf/MaterialInstances/MI_Default_Blend.uexp" 255
"../../../Engine/Plugins/Interchange/Assets/Content/gltf/MaterialInstances/MI_Default_Blend_DS.uasset" 256
"../../../Engine/Plugins/Interchange/Assets/Content/gltf/MaterialInstances/MI_Default_Blend_DS.uexp" 257
"../../../Engine/Plugins/Interchange/Assets/Content/gltf/MaterialInstances/MI_Default_Mask.uasset" 258
"../../../Engine/Plugins/Interchange/Assets/Content/gltf/MaterialInstances/MI_Default_Mask.uexp" 259
"../../../Engine/Plugins/Interchange/Assets/Content/gltf/MaterialInstances/MI_Default_Mask_DS.uasset" 260
"../../../Engine/Plugins/Interchange/Assets/Content/gltf/MaterialInstances/MI_Default_Mask_DS.uexp" 261
"../../../Engine/Plugins/Interchange/Assets/Content/gltf/MaterialInstances/MI_Default_Opaque.uasset" 262
"../../../Engine/Plugins/Interchange/Assets/Content/gltf/MaterialInstances/MI_Default_Opaque.uexp" 263
"../../../Engine/Plugins/Interchange/Assets/Content/gltf/MaterialInstances/MI_Default_Opaque_DS.uasset" 264
"../../../Engine/Plugins/Interchange/Assets/Content/gltf/MaterialInstances/MI_Default_Opaque_DS.uexp" 265
"../../../Engine/Plugins/Interchange/Assets/Content/gltf/MaterialFunctions/MF_Sheen.uasset" 266
"../../../Engine/Plugins/Interchange/Assets/Content/gltf/MaterialFunctions/MF_Sheen.uexp" 267
"../../../Engine/Plugins/Interchange/Assets/Content/gltf/MaterialBodies/MF_Sheen_Body.uasset" 268
"../../../Engine/Plugins/Interchange/Assets/Content/gltf/MaterialBodies/MF_Sheen_Body.uexp" 269
"../../../Engine/Plugins/Interchange/Assets/Content/gltf/M_Sheen.uasset" 270
"../../../Engine/Plugins/Interchange/Assets/Content/gltf/M_Sheen.uexp" 271
"../../../Engine/Plugins/Interchange/Assets/Content/gltf/MaterialInstances/MI_Sheen_Blend.uasset" 272
"../../../Engine/Plugins/Interchange/Assets/Content/gltf/MaterialInstances/MI_Sheen_Blend.uexp" 273
"../../../Engine/Plugins/Interchange/Assets/Content/gltf/MaterialInstances/MI_Sheen_Blend_DS.uasset" 274
"../../../Engine/Plugins/Interchange/Assets/Content/gltf/MaterialInstances/MI_Sheen_Blend_DS.uexp" 275
"../../../Engine/Plugins/Interchange/Assets/Content/gltf/MaterialInstances/MI_Sheen_Mask.uasset" 276
"../../../Engine/Plugins/Interchange/Assets/Content/gltf/MaterialInstances/MI_Sheen_Mask.uexp" 277
"../../../Engine/Plugins/Interchange/Assets/Content/gltf/MaterialInstances/MI_Sheen_Mask_DS.uasset" 278
"../../../Engine/Plugins/Interchange/Assets/Content/gltf/MaterialInstances/MI_Sheen_Mask_DS.uexp" 279
"../../../Engine/Plugins/Interchange/Assets/Content/gltf/MaterialInstances/MI_Sheen_Opaque.uasset" 280
"../../../Engine/Plugins/Interchange/Assets/Content/gltf/MaterialInstances/MI_Sheen_Opaque.uexp" 281
"../../../Engine/Plugins/Interchange/Assets/Content/gltf/MaterialInstances/MI_Sheen_Opaque_DS.uasset" 282
"../../../Engine/Plugins/Interchange/Assets/Content/gltf/MaterialInstances/MI_Sheen_Opaque_DS.uexp" 283
"../../../Engine/Content/Functions/Engine_MaterialFunctions02/Math/AddComponents.uasset" 284
"../../../Engine/Content/Functions/Engine_MaterialFunctions02/Math/AddComponents.uexp" 285
"../../../Engine/Plugins/Interchange/Assets/Content/gltf/MaterialFunctions/MF_DiffuseSpecGloss.uasset" 286
"../../../Engine/Plugins/Interchange/Assets/Content/gltf/MaterialFunctions/MF_DiffuseSpecGloss.uexp" 287
"../../../Engine/Plugins/Interchange/Assets/Content/gltf/MaterialFunctions/MF_MaxComponentValue.uasset" 288
"../../../Engine/Plugins/Interchange/Assets/Content/gltf/MaterialFunctions/MF_MaxComponentValue.uexp" 289
"../../../Engine/Plugins/Interchange/Assets/Content/gltf/MaterialFunctions/MF_PerceivedBrightness.uasset" 290
"../../../Engine/Plugins/Interchange/Assets/Content/gltf/MaterialFunctions/MF_PerceivedBrightness.uexp" 291
"../../../Engine/Plugins/Interchange/Assets/Content/gltf/MaterialFunctions/MF_SpecGlossToMetalRoughness.uasset" 292
"../../../Engine/Plugins/Interchange/Assets/Content/gltf/MaterialFunctions/MF_SpecGlossToMetalRoughness.uexp" 293
"../../../Engine/Plugins/Interchange/Assets/Content/gltf/MaterialBodies/MF_SpecularGlossiness_Body.uasset" 294
"../../../Engine/Plugins/Interchange/Assets/Content/gltf/MaterialBodies/MF_SpecularGlossiness_Body.uexp" 295
"../../../Engine/Plugins/Interchange/Assets/Content/gltf/M_SpecularGlossiness.uasset" 296
"../../../Engine/Plugins/Interchange/Assets/Content/gltf/M_SpecularGlossiness.uexp" 297
"../../../Engine/Plugins/Interchange/Assets/Content/gltf/MaterialInstances/MI_SpecularGlossiness_Blend.uasset" 298
"../../../Engine/Plugins/Interchange/Assets/Content/gltf/MaterialInstances/MI_SpecularGlossiness_Blend.uexp" 299
"../../../Engine/Plugins/Interchange/Assets/Content/gltf/MaterialInstances/MI_SpecularGlossiness_Blend_DS.uasset" 300
"../../../Engine/Plugins/Interchange/Assets/Content/gltf/MaterialInstances/MI_SpecularGlossiness_Blend_DS.uexp" 301
"../../../Engine/Plugins/Interchange/Assets/Content/gltf/MaterialInstances/MI_SpecularGlossiness_Mask.uasset" 302
"../../../Engine/Plugins/Interchange/Assets/Content/gltf/MaterialInstances/MI_SpecularGlossiness_Mask.uexp" 303
"../../../Engine/Plugins/Interchange/Assets/Content/gltf/MaterialInstances/MI_SpecularGlossiness_Mask_DS.uasset" 304
"../../../Engine/Plugins/Interchange/Assets/Content/gltf/MaterialInstances/MI_SpecularGlossiness_Mask_DS.uexp" 305
"../../../Engine/Plugins/Interchange/Assets/Content/gltf/MaterialInstances/MI_SpecularGlossiness_Opaque.uasset" 306
"../../../Engine/Plugins/Interchange/Assets/Content/gltf/MaterialInstances/MI_SpecularGlossiness_Opaque.uexp" 307
"../../../Engine/Plugins/Interchange/Assets/Content/gltf/MaterialInstances/MI_SpecularGlossiness_Opaque_DS.uasset" 308
"../../../Engine/Plugins/Interchange/Assets/Content/gltf/MaterialInstances/MI_SpecularGlossiness_Opaque_DS.uexp" 309
"../../../Engine/Content/Functions/Engine_MaterialFunctions02/Utility/CameraDirectionVector.uasset" 310
"../../../Engine/Content/Functions/Engine_MaterialFunctions02/Utility/CameraDirectionVector.uexp" 311
"../../../Engine/Content/EngineMaterials/Good64x64TilingNoiseHighFreq.uasset" 312
"../../../Engine/Content/EngineMaterials/Good64x64TilingNoiseHighFreq.uexp" 313
"../../../Engine/Content/Functions/Engine_MaterialFunctions02/Texturing/ScreenAlignedPixelToPixelUVs.uasset" 314
"../../../Engine/Content/Functions/Engine_MaterialFunctions02/Texturing/ScreenAlignedPixelToPixelUVs.uexp" 315
"../../../Engine/Plugins/Interchange/Assets/Content/gltf/MaterialFunctions/MF_Fresnel_DS.uasset" 316
"../../../Engine/Plugins/Interchange/Assets/Content/gltf/MaterialFunctions/MF_Fresnel_DS.uexp" 317
"../../../Engine/Plugins/Interchange/Assets/Content/gltf/MaterialFunctions/MF_Temporal_Blur.uasset" 318
"../../../Engine/Plugins/Interchange/Assets/Content/gltf/MaterialFunctions/MF_Temporal_Blur.uexp" 319
"../../../Engine/Plugins/Interchange/Assets/Content/gltf/MaterialFunctions/MF_Transmission.uasset" 320
"../../../Engine/Plugins/Interchange/Assets/Content/gltf/MaterialFunctions/MF_Transmission.uexp" 321
"../../../Engine/Plugins/Interchange/Assets/Content/gltf/MaterialBodies/MF_Transmission_Body.uasset" 322
"../../../Engine/Plugins/Interchange/Assets/Content/gltf/MaterialBodies/MF_Transmission_Body.uexp" 323
"../../../Engine/Plugins/Interchange/Assets/Content/gltf/M_Transmission.uasset" 324
"../../../Engine/Plugins/Interchange/Assets/Content/gltf/M_Transmission.uexp" 325
"../../../Engine/Plugins/Interchange/Assets/Content/gltf/MaterialInstances/MI_Transmission.uasset" 326
"../../../Engine/Plugins/Interchange/Assets/Content/gltf/MaterialInstances/MI_Transmission.uexp" 327
"../../../Engine/Plugins/Interchange/Assets/Content/gltf/MaterialInstances/MI_Transmission_DS.uasset" 328
"../../../Engine/Plugins/Interchange/Assets/Content/gltf/MaterialInstances/MI_Transmission_DS.uexp" 329
"../../../Engine/Plugins/Interchange/Assets/Content/gltf/MaterialBodies/MF_Unlit_Body.uasset" 330
"../../../Engine/Plugins/Interchange/Assets/Content/gltf/MaterialBodies/MF_Unlit_Body.uexp" 331
"../../../Engine/Plugins/Interchange/Assets/Content/gltf/M_Unlit.uasset" 332
"../../../Engine/Plugins/Interchange/Assets/Content/gltf/M_Unlit.uexp" 333
"../../../Engine/Plugins/Interchange/Assets/Content/gltf/MaterialInstances/MI_Unlit_Blend.uasset" 334
"../../../Engine/Plugins/Interchange/Assets/Content/gltf/MaterialInstances/MI_Unlit_Blend.uexp" 335
"../../../Engine/Plugins/Interchange/Assets/Content/gltf/MaterialInstances/MI_Unlit_Blend_DS.uasset" 336
"../../../Engine/Plugins/Interchange/Assets/Content/gltf/MaterialInstances/MI_Unlit_Blend_DS.uexp" 337
"../../../Engine/Plugins/Interchange/Assets/Content/gltf/MaterialInstances/MI_Unlit_Mask.uasset" 338
"../../../Engine/Plugins/Interchange/Assets/Content/gltf/MaterialInstances/MI_Unlit_Mask.uexp" 339
"../../../Engine/Plugins/Interchange/Assets/Content/gltf/MaterialInstances/MI_Unlit_Mask_DS.uasset" 340
"../../../Engine/Plugins/Interchange/Assets/Content/gltf/MaterialInstances/MI_Unlit_Mask_DS.uexp" 341
"../../../Engine/Plugins/Interchange/Assets/Content/gltf/MaterialInstances/MI_Unlit_Opaque.uasset" 342
"../../../Engine/Plugins/Interchange/Assets/Content/gltf/MaterialInstances/MI_Unlit_Opaque.uexp" 343
"../../../Engine/Plugins/Interchange/Assets/Content/gltf/MaterialInstances/MI_Unlit_Opaque_DS.uasset" 344
"../../../Engine/Plugins/Interchange/Assets/Content/gltf/MaterialInstances/MI_Unlit_Opaque_DS.uexp" 345
"../../../Engine/Content/VREditor/TransformGizmo/TranslucentTransformGizmoMaterial.uasset" 346
"../../../Engine/Content/VREditor/TransformGizmo/TranslucentTransformGizmoMaterial.uexp" 347
"../../../Engine/Content/VREditor/LaserPointer/VR_LaserPower_01.ubulk" 348
"../../../Engine/Content/VREditor/LaserPointer/VR_LaserPower_01.uasset" 349
"../../../Engine/Content/VREditor/LaserPointer/VR_LaserPower_01.uexp" 350
"../../../Engine/Content/VREditor/TransformGizmo/TransformGizmoMaterial.uasset" 351
"../../../Engine/Content/VREditor/TransformGizmo/TransformGizmoMaterial.uexp" 352
"../../../Engine/Content/VREditor/TransformGizmo/BoundingBoxCorner.ubulk" 353
"../../../Engine/Content/VREditor/TransformGizmo/BoundingBoxCorner.uasset" 354
"../../../Engine/Content/VREditor/TransformGizmo/BoundingBoxCorner.uexp" 355
"../../../Engine/Content/VREditor/TransformGizmo/BoundingBoxEdge.ubulk" 356
"../../../Engine/Content/VREditor/TransformGizmo/BoundingBoxEdge.uasset" 357
"../../../Engine/Content/VREditor/TransformGizmo/BoundingBoxEdge.uexp" 358
"../../../Engine/Content/VREditor/TransformGizmo/Xray.uasset" 359
"../../../Engine/Content/VREditor/TransformGizmo/Xray.uexp" 360
"../../../Engine/Content/VREditor/TransformGizmo/Main.uasset" 361
"../../../Engine/Content/VREditor/TransformGizmo/Main.uexp" 362
"../../../Engine/Content/VREditor/TransformGizmo/SM_Sequencer_Node.ubulk" 363
"../../../Engine/Content/VREditor/TransformGizmo/SM_Sequencer_Node.uasset" 364
"../../../Engine/Content/VREditor/TransformGizmo/SM_Sequencer_Node.uexp" 365
"../../../Engine/Content/EditorMaterials/Camera/CineMat.uasset" 366
"../../../Engine/Content/EditorMaterials/Camera/CineMat.uexp" 367
"../../../Engine/Content/EditorMaterials/Camera/MI_CineMat_Rig.uasset" 368
"../../../Engine/Content/EditorMaterials/Camera/MI_CineMat_Rig.uexp" 369
"../../../Engine/Content/EditorMeshes/Camera/SM_CraneRig_Arm.ubulk" 370
"../../../Engine/Content/EditorMeshes/Camera/SM_CraneRig_Arm.uasset" 371
"../../../Engine/Content/EditorMeshes/Camera/SM_CraneRig_Arm.uexp" 372
"../../../Engine/Content/EditorMeshes/Camera/SM_CraneRig_Base.ubulk" 373
"../../../Engine/Content/EditorMeshes/Camera/SM_CraneRig_Base.uasset" 374
"../../../Engine/Content/EditorMeshes/Camera/SM_CraneRig_Base.uexp" 375
"../../../Engine/Content/EditorMeshes/Camera/SM_CraneRig_Body.ubulk" 376
"../../../Engine/Content/EditorMeshes/Camera/SM_CraneRig_Body.uasset" 377
"../../../Engine/Content/EditorMeshes/Camera/SM_CraneRig_Body.uexp" 378
"../../../Engine/Content/EditorMeshes/Camera/SM_CraneRig_Mount.ubulk" 379
"../../../Engine/Content/EditorMeshes/Camera/SM_CraneRig_Mount.uasset" 380
"../../../Engine/Content/EditorMeshes/Camera/SM_CraneRig_Mount.uexp" 381
"../../../Engine/Content/EditorMeshes/Camera/SM_RailRig_Mount.ubulk" 382
"../../../Engine/Content/EditorMeshes/Camera/SM_RailRig_Mount.uasset" 383
"../../../Engine/Content/EditorMeshes/Camera/SM_RailRig_Mount.uexp" 384
"../../../Engine/Content/EditorMeshes/Camera/SM_RailRig_Track.ubulk" 385
"../../../Engine/Content/EditorMeshes/Camera/SM_RailRig_Track.uasset" 386
"../../../Engine/Content/EditorMeshes/Camera/SM_RailRig_Track.uexp" 387
"../../../Engine/Content/EditorMaterials/Dataflow/DataflowTwoSidedVertexMaterial.uasset" 388
"../../../Engine/Content/EditorMaterials/Dataflow/DataflowTwoSidedVertexMaterial.uexp" 389
"../../../Engine/Content/EditorMaterials/Dataflow/DataflowVertexMaterial.uasset" 390
"../../../Engine/Content/EditorMaterials/Dataflow/DataflowVertexMaterial.uexp" 391
"../../../Engine/Content/Functions/Engine_MaterialFunctions01/Gradient/LinearGradient.uasset" 392
"../../../Engine/Content/Functions/Engine_MaterialFunctions01/Gradient/LinearGradient.uexp" 393
"../../../Engine/Content/Functions/Engine_MaterialFunctions01/ImageAdjustment/CheapContrast.uasset" 394
"../../../Engine/Content/Functions/Engine_MaterialFunctions01/ImageAdjustment/CheapContrast.uexp" 395
"P:/Coding/Unreal Projects/Multiplayer-Project/MenuSystem/Content/LevelPrototyping/Textures/T_GridChecker_A.ubulk" 396
"P:/Coding/Unreal Projects/Multiplayer-Project/MenuSystem/Content/LevelPrototyping/Textures/T_GridChecker_A.uasset" 397
"P:/Coding/Unreal Projects/Multiplayer-Project/MenuSystem/Content/LevelPrototyping/Textures/T_GridChecker_A.uexp" 398
"P:/Coding/Unreal Projects/Multiplayer-Project/MenuSystem/Content/LevelPrototyping/Materials/MF_ProcGrid.uasset" 399
"P:/Coding/Unreal Projects/Multiplayer-Project/MenuSystem/Content/LevelPrototyping/Materials/MF_ProcGrid.uexp" 400
"P:/Coding/Unreal Projects/Multiplayer-Project/MenuSystem/Content/LevelPrototyping/Materials/M_PrototypeGrid.uasset" 401
"P:/Coding/Unreal Projects/Multiplayer-Project/MenuSystem/Content/LevelPrototyping/Materials/M_PrototypeGrid.uexp" 402
"P:/Coding/Unreal Projects/Multiplayer-Project/MenuSystem/Content/LevelPrototyping/Materials/MI_PrototypeGrid_Gray.uasset" 403
"P:/Coding/Unreal Projects/Multiplayer-Project/MenuSystem/Content/LevelPrototyping/Materials/MI_PrototypeGrid_Gray.uexp" 404
"P:/Coding/Unreal Projects/Multiplayer-Project/MenuSystem/Content/LevelPrototyping/Meshes/SM_Cube.ubulk" 405
"P:/Coding/Unreal Projects/Multiplayer-Project/MenuSystem/Content/LevelPrototyping/Meshes/SM_Cube.uasset" 406
"P:/Coding/Unreal Projects/Multiplayer-Project/MenuSystem/Content/LevelPrototyping/Meshes/SM_Cube.uexp" 407
"P:/Coding/Unreal Projects/Multiplayer-Project/MenuSystem/Content/LevelPrototyping/Meshes/SM_Cylinder.ubulk" 408
"P:/Coding/Unreal Projects/Multiplayer-Project/MenuSystem/Content/LevelPrototyping/Meshes/SM_Cylinder.uasset" 409
"P:/Coding/Unreal Projects/Multiplayer-Project/MenuSystem/Content/LevelPrototyping/Meshes/SM_Cylinder.uexp" 410
"P:/Coding/Unreal Projects/Multiplayer-Project/MenuSystem/Content/LevelPrototyping/Meshes/SM_QuarterCylinder.ubulk" 411
"P:/Coding/Unreal Projects/Multiplayer-Project/MenuSystem/Content/LevelPrototyping/Meshes/SM_QuarterCylinder.uasset" 412
"P:/Coding/Unreal Projects/Multiplayer-Project/MenuSystem/Content/LevelPrototyping/Meshes/SM_QuarterCylinder.uexp" 413
"P:/Coding/Unreal Projects/Multiplayer-Project/MenuSystem/Content/LevelPrototyping/Meshes/SM_Ramp.ubulk" 414
"P:/Coding/Unreal Projects/Multiplayer-Project/MenuSystem/Content/LevelPrototyping/Meshes/SM_Ramp.uasset" 415
"P:/Coding/Unreal Projects/Multiplayer-Project/MenuSystem/Content/LevelPrototyping/Meshes/SM_Ramp.uexp" 416
"../../../Engine/Plugins/Animation/ControlRig/Content/Controls/ControlRigGizmoMaterial.uasset" 417
"../../../Engine/Plugins/Animation/ControlRig/Content/Controls/ControlRigGizmoMaterial.uexp" 418
"../../../Engine/Plugins/Animation/ControlRig/Content/Controls/ControlRigXRayMaterial.uasset" 419
"../../../Engine/Plugins/Animation/ControlRig/Content/Controls/ControlRigXRayMaterial.uexp" 420
"../../../Engine/Plugins/Animation/ControlRig/Content/Controls/ControlRig_Arrow2_1mm.ubulk" 421
"../../../Engine/Plugins/Animation/ControlRig/Content/Controls/ControlRig_Arrow2_1mm.uasset" 422
"../../../Engine/Plugins/Animation/ControlRig/Content/Controls/ControlRig_Arrow2_1mm.uexp" 423
"../../../Engine/Plugins/Animation/ControlRig/Content/Controls/ControlRig_Arrow2_3mm.ubulk" 424
"../../../Engine/Plugins/Animation/ControlRig/Content/Controls/ControlRig_Arrow2_3mm.uasset" 425
"../../../Engine/Plugins/Animation/ControlRig/Content/Controls/ControlRig_Arrow2_3mm.uexp" 426
"../../../Engine/Plugins/Animation/ControlRig/Content/Controls/ControlRig_Arrow2_solid.ubulk" 427
"../../../Engine/Plugins/Animation/ControlRig/Content/Controls/ControlRig_Arrow2_solid.uasset" 428
"../../../Engine/Plugins/Animation/ControlRig/Content/Controls/ControlRig_Arrow2_solid.uexp" 429
"../../../Engine/Plugins/Animation/ControlRig/Content/Controls/ControlRig_Arrow4_1mm.ubulk" 430
"../../../Engine/Plugins/Animation/ControlRig/Content/Controls/ControlRig_Arrow4_1mm.uasset" 431
"../../../Engine/Plugins/Animation/ControlRig/Content/Controls/ControlRig_Arrow4_1mm.uexp" 432
"../../../Engine/Plugins/Animation/ControlRig/Content/Controls/ControlRig_Arrow4_3mm.ubulk" 433
"../../../Engine/Plugins/Animation/ControlRig/Content/Controls/ControlRig_Arrow4_3mm.uasset" 434
"../../../Engine/Plugins/Animation/ControlRig/Content/Controls/ControlRig_Arrow4_3mm.uexp" 435
"../../../Engine/Plugins/Animation/ControlRig/Content/Controls/ControlRig_Arrow4_solid.ubulk" 436
"../../../Engine/Plugins/Animation/ControlRig/Content/Controls/ControlRig_Arrow4_solid.uasset" 437
"../../../Engine/Plugins/Animation/ControlRig/Content/Controls/ControlRig_Arrow4_solid.uexp" 438
"../../../Engine/Plugins/Animation/ControlRig/Content/Controls/ControlRig_Arrow_1mm.ubulk" 439
"../../../Engine/Plugins/Animation/ControlRig/Content/Controls/ControlRig_Arrow_1mm.uasset" 440
"../../../Engine/Plugins/Animation/ControlRig/Content/Controls/ControlRig_Arrow_1mm.uexp" 441
"../../../Engine/Plugins/Animation/ControlRig/Content/Controls/ControlRig_Arrow_3mm.ubulk" 442
"../../../Engine/Plugins/Animation/ControlRig/Content/Controls/ControlRig_Arrow_3mm.uasset" 443
"../../../Engine/Plugins/Animation/ControlRig/Content/Controls/ControlRig_Arrow_3mm.uexp" 444
"../../../Engine/Plugins/Animation/ControlRig/Content/Controls/ControlRig_Arrow_solid.ubulk" 445
"../../../Engine/Plugins/Animation/ControlRig/Content/Controls/ControlRig_Arrow_solid.uasset" 446
"../../../Engine/Plugins/Animation/ControlRig/Content/Controls/ControlRig_Arrow_solid.uexp" 447
"../../../Engine/Plugins/Animation/ControlRig/Content/Controls/ControlRig_Box_1mm.ubulk" 448
"../../../Engine/Plugins/Animation/ControlRig/Content/Controls/ControlRig_Box_1mm.uasset" 449
"../../../Engine/Plugins/Animation/ControlRig/Content/Controls/ControlRig_Box_1mm.uexp" 450
"../../../Engine/Plugins/Animation/ControlRig/Content/Controls/ControlRig_Box_3mm.ubulk" 451
"../../../Engine/Plugins/Animation/ControlRig/Content/Controls/ControlRig_Box_3mm.uasset" 452
"../../../Engine/Plugins/Animation/ControlRig/Content/Controls/ControlRig_Box_3mm.uexp" 453
"../../../Engine/Plugins/Animation/ControlRig/Content/Controls/ControlRig_Box_solid.ubulk" 454
"../../../Engine/Plugins/Animation/ControlRig/Content/Controls/ControlRig_Box_solid.uasset" 455
"../../../Engine/Plugins/Animation/ControlRig/Content/Controls/ControlRig_Box_solid.uexp" 456
"../../../Engine/Plugins/Animation/ControlRig/Content/Controls/ControlRig_Circle_1mm.ubulk" 457
"../../../Engine/Plugins/Animation/ControlRig/Content/Controls/ControlRig_Circle_1mm.uasset" 458
"../../../Engine/Plugins/Animation/ControlRig/Content/Controls/ControlRig_Circle_1mm.uexp" 459
"../../../Engine/Plugins/Animation/ControlRig/Content/Controls/ControlRig_Circle_3mm.ubulk" 460
"../../../Engine/Plugins/Animation/ControlRig/Content/Controls/ControlRig_Circle_3mm.uasset" 461
"../../../Engine/Plugins/Animation/ControlRig/Content/Controls/ControlRig_Circle_3mm.uexp" 462
"../../../Engine/Plugins/Animation/ControlRig/Content/Controls/ControlRig_Circle_solid.ubulk" 463
"../../../Engine/Plugins/Animation/ControlRig/Content/Controls/ControlRig_Circle_solid.uasset" 464
"../../../Engine/Plugins/Animation/ControlRig/Content/Controls/ControlRig_Circle_solid.uexp" 465
"../../../Engine/Plugins/Animation/ControlRig/Content/Controls/ControlRig_Diamond_1mm.ubulk" 466
"../../../Engine/Plugins/Animation/ControlRig/Content/Controls/ControlRig_Diamond_1mm.uasset" 467
"../../../Engine/Plugins/Animation/ControlRig/Content/Controls/ControlRig_Diamond_1mm.uexp" 468
"../../../Engine/Plugins/Animation/ControlRig/Content/Controls/ControlRig_Diamond_3mm.ubulk" 469
"../../../Engine/Plugins/Animation/ControlRig/Content/Controls/ControlRig_Diamond_3mm.uasset" 470
"../../../Engine/Plugins/Animation/ControlRig/Content/Controls/ControlRig_Diamond_3mm.uexp" 471
"../../../Engine/Plugins/Animation/ControlRig/Content/Controls/ControlRig_Diamond_solid.ubulk" 472
"../../../Engine/Plugins/Animation/ControlRig/Content/Controls/ControlRig_Diamond_solid.uasset" 473
"../../../Engine/Plugins/Animation/ControlRig/Content/Controls/ControlRig_Diamond_solid.uexp" 474
"../../../Engine/Plugins/Animation/ControlRig/Content/Controls/ControlRig_HalfCircle_1mm.ubulk" 475
"../../../Engine/Plugins/Animation/ControlRig/Content/Controls/ControlRig_HalfCircle_1mm.uasset" 476
"../../../Engine/Plugins/Animation/ControlRig/Content/Controls/ControlRig_HalfCircle_1mm.uexp" 477
"../../../Engine/Plugins/Animation/ControlRig/Content/Controls/ControlRig_HalfCircle_3mm.ubulk" 478
"../../../Engine/Plugins/Animation/ControlRig/Content/Controls/ControlRig_HalfCircle_3mm.uasset" 479
"../../../Engine/Plugins/Animation/ControlRig/Content/Controls/ControlRig_HalfCircle_3mm.uexp" 480
"../../../Engine/Plugins/Animation/ControlRig/Content/Controls/ControlRig_HalfCircle_solid.ubulk" 481
"../../../Engine/Plugins/Animation/ControlRig/Content/Controls/ControlRig_HalfCircle_solid.uasset" 482
"../../../Engine/Plugins/Animation/ControlRig/Content/Controls/ControlRig_HalfCircle_solid.uexp" 483
"../../../Engine/Plugins/Animation/ControlRig/Content/Controls/ControlRig_Hexagon_1mm.ubulk" 484
"../../../Engine/Plugins/Animation/ControlRig/Content/Controls/ControlRig_Hexagon_1mm.uasset" 485
"../../../Engine/Plugins/Animation/ControlRig/Content/Controls/ControlRig_Hexagon_1mm.uexp" 486
"../../../Engine/Plugins/Animation/ControlRig/Content/Controls/ControlRig_Hexagon_3mm.ubulk" 487
"../../../Engine/Plugins/Animation/ControlRig/Content/Controls/ControlRig_Hexagon_3mm.uasset" 488
"../../../Engine/Plugins/Animation/ControlRig/Content/Controls/ControlRig_Hexagon_3mm.uexp" 489
"../../../Engine/Plugins/Animation/ControlRig/Content/Controls/ControlRig_Hexagon_solid.ubulk" 490
"../../../Engine/Plugins/Animation/ControlRig/Content/Controls/ControlRig_Hexagon_solid.uasset" 491
"../../../Engine/Plugins/Animation/ControlRig/Content/Controls/ControlRig_Hexagon_solid.uexp" 492
"../../../Engine/Plugins/Animation/ControlRig/Content/Controls/ControlRig_Octagon_1mm.ubulk" 493
"../../../Engine/Plugins/Animation/ControlRig/Content/Controls/ControlRig_Octagon_1mm.uasset" 494
"../../../Engine/Plugins/Animation/ControlRig/Content/Controls/ControlRig_Octagon_1mm.uexp" 495
"../../../Engine/Plugins/Animation/ControlRig/Content/Controls/ControlRig_Octagon_3mm.ubulk" 496
"../../../Engine/Plugins/Animation/ControlRig/Content/Controls/ControlRig_Octagon_3mm.uasset" 497
"../../../Engine/Plugins/Animation/ControlRig/Content/Controls/ControlRig_Octagon_3mm.uexp" 498
"../../../Engine/Plugins/Animation/ControlRig/Content/Controls/ControlRig_Octagon_solid.ubulk" 499
"../../../Engine/Plugins/Animation/ControlRig/Content/Controls/ControlRig_Octagon_solid.uasset" 500
"../../../Engine/Plugins/Animation/ControlRig/Content/Controls/ControlRig_Octagon_solid.uexp" 501
"../../../Engine/Plugins/Animation/ControlRig/Content/Controls/ControlRig_Pyramid_1mm.ubulk" 502
"../../../Engine/Plugins/Animation/ControlRig/Content/Controls/ControlRig_Pyramid_1mm.uasset" 503
"../../../Engine/Plugins/Animation/ControlRig/Content/Controls/ControlRig_Pyramid_1mm.uexp" 504
"../../../Engine/Plugins/Animation/ControlRig/Content/Controls/ControlRig_Pyramid_3mm.ubulk" 505
"../../../Engine/Plugins/Animation/ControlRig/Content/Controls/ControlRig_Pyramid_3mm.uasset" 506
"../../../Engine/Plugins/Animation/ControlRig/Content/Controls/ControlRig_Pyramid_3mm.uexp" 507
"../../../Engine/Plugins/Animation/ControlRig/Content/Controls/ControlRig_Pyramid_solid.ubulk" 508
"../../../Engine/Plugins/Animation/ControlRig/Content/Controls/ControlRig_Pyramid_solid.uasset" 509
"../../../Engine/Plugins/Animation/ControlRig/Content/Controls/ControlRig_Pyramid_solid.uexp" 510
"../../../Engine/Plugins/Animation/ControlRig/Content/Controls/ControlRig_QuarterCircle_1mm.ubulk" 511
"../../../Engine/Plugins/Animation/ControlRig/Content/Controls/ControlRig_QuarterCircle_1mm.uasset" 512
"../../../Engine/Plugins/Animation/ControlRig/Content/Controls/ControlRig_QuarterCircle_1mm.uexp" 513
"../../../Engine/Plugins/Animation/ControlRig/Content/Controls/ControlRig_QuarterCircle_3mm.ubulk" 514
"../../../Engine/Plugins/Animation/ControlRig/Content/Controls/ControlRig_QuarterCircle_3mm.uasset" 515
"../../../Engine/Plugins/Animation/ControlRig/Content/Controls/ControlRig_QuarterCircle_3mm.uexp" 516
"../../../Engine/Plugins/Animation/ControlRig/Content/Controls/ControlRig_QuarterCircle_solid.ubulk" 517
"../../../Engine/Plugins/Animation/ControlRig/Content/Controls/ControlRig_QuarterCircle_solid.uasset" 518
"../../../Engine/Plugins/Animation/ControlRig/Content/Controls/ControlRig_QuarterCircle_solid.uexp" 519
"../../../Engine/Plugins/Animation/ControlRig/Content/Controls/ControlRig_RoundedSquare_1mm.ubulk" 520
"../../../Engine/Plugins/Animation/ControlRig/Content/Controls/ControlRig_RoundedSquare_1mm.uasset" 521
"../../../Engine/Plugins/Animation/ControlRig/Content/Controls/ControlRig_RoundedSquare_1mm.uexp" 522
"../../../Engine/Plugins/Animation/ControlRig/Content/Controls/ControlRig_RoundedSquare_3mm.ubulk" 523
"../../../Engine/Plugins/Animation/ControlRig/Content/Controls/ControlRig_RoundedSquare_3mm.uasset" 524
"../../../Engine/Plugins/Animation/ControlRig/Content/Controls/ControlRig_RoundedSquare_3mm.uexp" 525
"../../../Engine/Plugins/Animation/ControlRig/Content/Controls/ControlRig_RoundedSquare_solid.ubulk" 526
"../../../Engine/Plugins/Animation/ControlRig/Content/Controls/ControlRig_RoundedSquare_solid.uasset" 527
"../../../Engine/Plugins/Animation/ControlRig/Content/Controls/ControlRig_RoundedSquare_solid.uexp" 528
"../../../Engine/Plugins/Animation/ControlRig/Content/Controls/ControlRig_RoundedTriangle_1mm.ubulk" 529
"../../../Engine/Plugins/Animation/ControlRig/Content/Controls/ControlRig_RoundedTriangle_1mm.uasset" 530
"../../../Engine/Plugins/Animation/ControlRig/Content/Controls/ControlRig_RoundedTriangle_1mm.uexp" 531
"../../../Engine/Plugins/Animation/ControlRig/Content/Controls/ControlRig_RoundedTriangle_3mm.ubulk" 532
"../../../Engine/Plugins/Animation/ControlRig/Content/Controls/ControlRig_RoundedTriangle_3mm.uasset" 533
"../../../Engine/Plugins/Animation/ControlRig/Content/Controls/ControlRig_RoundedTriangle_3mm.uexp" 534
"../../../Engine/Plugins/Animation/ControlRig/Content/Controls/ControlRig_RoundedTriangle_solid.ubulk" 535
"../../../Engine/Plugins/Animation/ControlRig/Content/Controls/ControlRig_RoundedTriangle_solid.uasset" 536
"../../../Engine/Plugins/Animation/ControlRig/Content/Controls/ControlRig_RoundedTriangle_solid.uexp" 537
"../../../Engine/Plugins/Animation/ControlRig/Content/Controls/ControlRig_Sphere_1mm.ubulk" 538
"../../../Engine/Plugins/Animation/ControlRig/Content/Controls/ControlRig_Sphere_1mm.uasset" 539
"../../../Engine/Plugins/Animation/ControlRig/Content/Controls/ControlRig_Sphere_1mm.uexp" 540
"../../../Engine/Plugins/Animation/ControlRig/Content/Controls/ControlRig_Sphere_3mm.ubulk" 541
"../../../Engine/Plugins/Animation/ControlRig/Content/Controls/ControlRig_Sphere_3mm.uasset" 542
"../../../Engine/Plugins/Animation/ControlRig/Content/Controls/ControlRig_Sphere_3mm.uexp" 543
"../../../Engine/Plugins/Animation/ControlRig/Content/Controls/ControlRig_Sphere_solid.ubulk" 544
"../../../Engine/Plugins/Animation/ControlRig/Content/Controls/ControlRig_Sphere_solid.uasset" 545
"../../../Engine/Plugins/Animation/ControlRig/Content/Controls/ControlRig_Sphere_solid.uexp" 546
"../../../Engine/Plugins/Animation/ControlRig/Content/Controls/ControlRig_Square_1mm.ubulk" 547
"../../../Engine/Plugins/Animation/ControlRig/Content/Controls/ControlRig_Square_1mm.uasset" 548
"../../../Engine/Plugins/Animation/ControlRig/Content/Controls/ControlRig_Square_1mm.uexp" 549
"../../../Engine/Plugins/Animation/ControlRig/Content/Controls/ControlRig_Square_3mm.ubulk" 550
"../../../Engine/Plugins/Animation/ControlRig/Content/Controls/ControlRig_Square_3mm.uasset" 551
"../../../Engine/Plugins/Animation/ControlRig/Content/Controls/ControlRig_Square_3mm.uexp" 552
"../../../Engine/Plugins/Animation/ControlRig/Content/Controls/ControlRig_Square_solid.ubulk" 553
"../../../Engine/Plugins/Animation/ControlRig/Content/Controls/ControlRig_Square_solid.uasset" 554
"../../../Engine/Plugins/Animation/ControlRig/Content/Controls/ControlRig_Square_solid.uexp" 555
"../../../Engine/Plugins/Animation/ControlRig/Content/Controls/ControlRig_Star4_1mm.ubulk" 556
"../../../Engine/Plugins/Animation/ControlRig/Content/Controls/ControlRig_Star4_1mm.uasset" 557
"../../../Engine/Plugins/Animation/ControlRig/Content/Controls/ControlRig_Star4_1mm.uexp" 558
"../../../Engine/Plugins/Animation/ControlRig/Content/Controls/ControlRig_Star4_3mm.ubulk" 559
"../../../Engine/Plugins/Animation/ControlRig/Content/Controls/ControlRig_Star4_3mm.uasset" 560
"../../../Engine/Plugins/Animation/ControlRig/Content/Controls/ControlRig_Star4_3mm.uexp" 561
"../../../Engine/Plugins/Animation/ControlRig/Content/Controls/ControlRig_Star4_solid.ubulk" 562
"../../../Engine/Plugins/Animation/ControlRig/Content/Controls/ControlRig_Star4_solid.uasset" 563
"../../../Engine/Plugins/Animation/ControlRig/Content/Controls/ControlRig_Star4_solid.uexp" 564
"../../../Engine/Plugins/Animation/ControlRig/Content/Controls/ControlRig_Triangle_1mm.ubulk" 565
"../../../Engine/Plugins/Animation/ControlRig/Content/Controls/ControlRig_Triangle_1mm.uasset" 566
"../../../Engine/Plugins/Animation/ControlRig/Content/Controls/ControlRig_Triangle_1mm.uexp" 567
"../../../Engine/Plugins/Animation/ControlRig/Content/Controls/ControlRig_Triangle_3mm.ubulk" 568
"../../../Engine/Plugins/Animation/ControlRig/Content/Controls/ControlRig_Triangle_3mm.uasset" 569
"../../../Engine/Plugins/Animation/ControlRig/Content/Controls/ControlRig_Triangle_3mm.uexp" 570
"../../../Engine/Plugins/Animation/ControlRig/Content/Controls/ControlRig_Triangle_solid.ubulk" 571
"../../../Engine/Plugins/Animation/ControlRig/Content/Controls/ControlRig_Triangle_solid.uasset" 572
"../../../Engine/Plugins/Animation/ControlRig/Content/Controls/ControlRig_Triangle_solid.uexp" 573
"../../../Engine/Plugins/Animation/ControlRig/Content/Controls/ControlRig_Wedge_1mm.ubulk" 574
"../../../Engine/Plugins/Animation/ControlRig/Content/Controls/ControlRig_Wedge_1mm.uasset" 575
"../../../Engine/Plugins/Animation/ControlRig/Content/Controls/ControlRig_Wedge_1mm.uexp" 576
"../../../Engine/Plugins/Animation/ControlRig/Content/Controls/ControlRig_Wedge_3mm.ubulk" 577
"../../../Engine/Plugins/Animation/ControlRig/Content/Controls/ControlRig_Wedge_3mm.uasset" 578
"../../../Engine/Plugins/Animation/ControlRig/Content/Controls/ControlRig_Wedge_3mm.uexp" 579
"../../../Engine/Plugins/Animation/ControlRig/Content/Controls/ControlRig_Wedge_solid.ubulk" 580
"../../../Engine/Plugins/Animation/ControlRig/Content/Controls/ControlRig_Wedge_solid.uasset" 581
"../../../Engine/Plugins/Animation/ControlRig/Content/Controls/ControlRig_Wedge_solid.uexp" 582
"../../../Engine/Content/Functions/Engine_MaterialFunctions02/Utility/VectorLength.uasset" 583
"../../../Engine/Content/Functions/Engine_MaterialFunctions02/Utility/VectorLength.uexp" 584
"../../../Engine/Content/Functions/Engine_MaterialFunctions02/ObjectLocalBounds.uasset" 585
"../../../Engine/Content/Functions/Engine_MaterialFunctions02/ObjectLocalBounds.uexp" 586
"../../../Engine/Content/Functions/Engine_MaterialFunctions02/WorldPositionOffset/ObjectScale.uasset" 587
"../../../Engine/Content/Functions/Engine_MaterialFunctions02/WorldPositionOffset/ObjectScale.uexp" 588
"../../../Engine/Content/Functions/Engine_MaterialFunctions02/SafeNormalize.uasset" 589
"../../../Engine/Content/Functions/Engine_MaterialFunctions02/SafeNormalize.uexp" 590
"../../../Engine/Plugins/Editor/SpeedTreeImporter/Content/SpeedTree9/UnpackInteger3.uasset" 591
"../../../Engine/Plugins/Editor/SpeedTreeImporter/Content/SpeedTree9/UnpackInteger3.uexp" 592
"../../../Engine/Plugins/Editor/SpeedTreeImporter/Content/SpeedTree9/UnpackDirection.uasset" 593
"../../../Engine/Plugins/Editor/SpeedTreeImporter/Content/SpeedTree9/UnpackDirection.uexp" 594
"../../../Engine/Plugins/Editor/SpeedTreeImporter/Content/SpeedTree9/game_wind_noise.ubulk" 595
"../../../Engine/Plugins/Editor/SpeedTreeImporter/Content/SpeedTree9/game_wind_noise.uasset" 596
"../../../Engine/Plugins/Editor/SpeedTreeImporter/Content/SpeedTree9/game_wind_noise.uexp" 597
"../../../Engine/Plugins/Editor/SpeedTreeImporter/Content/SpeedTree9/SpeedTreeWindMotion.uasset" 598
"../../../Engine/Plugins/Editor/SpeedTreeImporter/Content/SpeedTree9/SpeedTreeWindMotion.uexp" 599
"../../../Engine/Plugins/Editor/SpeedTreeImporter/Content/SpeedTree9/SpeedTreeBranchMotion.uasset" 600
"../../../Engine/Plugins/Editor/SpeedTreeImporter/Content/SpeedTree9/SpeedTreeBranchMotion.uexp" 601
"../../../Engine/Content/Functions/Engine_MaterialFunctions02/UVs/BoundingBoxBased_0-1_UVW.uasset" 602
"../../../Engine/Content/Functions/Engine_MaterialFunctions02/UVs/BoundingBoxBased_0-1_UVW.uexp" 603
"../../../Engine/Plugins/Editor/SpeedTreeImporter/Content/SpeedTree9/SpeedTreeWind.uasset" 604
"../../../Engine/Plugins/Editor/SpeedTreeImporter/Content/SpeedTree9/SpeedTreeWind.uexp" 605
"../../../Engine/Plugins/Editor/SpeedTreeImporter/Content/SpeedTree9/EmptyNormal.uasset" 606
"../../../Engine/Plugins/Editor/SpeedTreeImporter/Content/SpeedTree9/EmptyNormal.uexp" 607
"../../../Engine/Plugins/Editor/SpeedTreeImporter/Content/SpeedTree9/Empty.uasset" 608
"../../../Engine/Plugins/Editor/SpeedTreeImporter/Content/SpeedTree9/Empty.uexp" 609
"../../../Engine/Plugins/Editor/SpeedTreeImporter/Content/SpeedTree9/SpeedTreeBillboard.uasset" 610
"../../../Engine/Plugins/Editor/SpeedTreeImporter/Content/SpeedTree9/SpeedTreeBillboard.uexp" 611
"../../../Engine/Plugins/Editor/SpeedTreeImporter/Content/SpeedTree9/SpeedTreeBillboardMaster.uasset" 612
"../../../Engine/Plugins/Editor/SpeedTreeImporter/Content/SpeedTree9/SpeedTreeBillboardMaster.uexp" 613
"../../../Engine/Plugins/Editor/SpeedTreeImporter/Content/SpeedTree9/SpeedTreeCameraFacing.uasset" 614
"../../../Engine/Plugins/Editor/SpeedTreeImporter/Content/SpeedTree9/SpeedTreeCameraFacing.uexp" 615
"../../../Engine/Plugins/Editor/SpeedTreeImporter/Content/SpeedTree9/SpeedTreeMaster.uasset" 616
"../../../Engine/Plugins/Editor/SpeedTreeImporter/Content/SpeedTree9/SpeedTreeMaster.uexp" 617
"../../../Engine/Plugins/Interchange/Assets/Content/Functions/MX_AbsorptionVDF.uasset" 618
"../../../Engine/Plugins/Interchange/Assets/Content/Functions/MX_AbsorptionVDF.uexp" 619
"../../../Engine/Plugins/Interchange/Assets/Content/Functions/MX_AnisotropicVDF.uasset" 620
"../../../Engine/Plugins/Interchange/Assets/Content/Functions/MX_AnisotropicVDF.uexp" 621
"../../../Engine/Plugins/Interchange/Assets/Content/Functions/MX_BurleyDiffuseBSDF.uasset" 622
"../../../Engine/Plugins/Interchange/Assets/Content/Functions/MX_BurleyDiffuseBSDF.uexp" 623
"../../../Engine/Plugins/Interchange/Assets/Content/Functions/MX_ConductorBSDF.uasset" 624
"../../../Engine/Plugins/Interchange/Assets/Content/Functions/MX_ConductorBSDF.uexp" 625
"../../../Engine/Plugins/Interchange/Assets/Content/Functions/MX_ConicalEDF.uasset" 626
"../../../Engine/Plugins/Interchange/Assets/Content/Functions/MX_ConicalEDF.uexp" 627
"../../../Engine/Plugins/Interchange/Assets/Content/Functions/MX_DielectricBSDF.uasset" 628
"../../../Engine/Plugins/Interchange/Assets/Content/Functions/MX_DielectricBSDF.uexp" 629
"../../../Engine/Plugins/Interchange/Assets/Content/Functions/MX_Displacement.uasset" 630
"../../../Engine/Plugins/Interchange/Assets/Content/Functions/MX_Displacement.uexp" 631
"../../../Engine/Plugins/Interchange/Assets/Content/Functions/MX_GeneralizedSchlickBSDF.uasset" 632
"../../../Engine/Plugins/Interchange/Assets/Content/Functions/MX_GeneralizedSchlickBSDF.uexp" 633
"../../../Engine/Plugins/Interchange/Assets/Content/Functions/MX_MeasuredEDF.uasset" 634
"../../../Engine/Plugins/Interchange/Assets/Content/Functions/MX_MeasuredEDF.uexp" 635
"../../../Engine/Plugins/Interchange/Assets/Content/Functions/MX_StandardSurface.uasset" 636
"../../../Engine/Plugins/Interchange/Assets/Content/Functions/MX_StandardSurface.uexp" 637
"../../../Engine/Plugins/Interchange/Assets/Content/Functions/MX_OpenPBR_Opaque.uasset" 638
"../../../Engine/Plugins/Interchange/Assets/Content/Functions/MX_OpenPBR_Opaque.uexp" 639
"../../../Engine/Plugins/Interchange/Assets/Content/Functions/MX_TransmissionSurface.uasset" 640
"../../../Engine/Plugins/Interchange/Assets/Content/Functions/MX_TransmissionSurface.uexp" 641
"../../../Engine/Plugins/Interchange/Assets/Content/Functions/MX_OpenPBR_Translucent.uasset" 642
"../../../Engine/Plugins/Interchange/Assets/Content/Functions/MX_OpenPBR_Translucent.uexp" 643
"../../../Engine/Plugins/Interchange/Assets/Content/Functions/MX_OrenNayarBSDF.uasset" 644
"../../../Engine/Plugins/Interchange/Assets/Content/Functions/MX_OrenNayarBSDF.uexp" 645
"../../../Engine/Plugins/Interchange/Assets/Content/Functions/MX_SheenBSDF.uasset" 646
"../../../Engine/Plugins/Interchange/Assets/Content/Functions/MX_SheenBSDF.uexp" 647
"../../../Engine/Plugins/Interchange/Assets/Content/Functions/MX_SubsurfaceBSDF.uasset" 648
"../../../Engine/Plugins/Interchange/Assets/Content/Functions/MX_SubsurfaceBSDF.uexp" 649
"../../../Engine/Plugins/Interchange/Assets/Content/Functions/MX_Surface.uasset" 650
"../../../Engine/Plugins/Interchange/Assets/Content/Functions/MX_Surface.uexp" 651
"../../../Engine/Plugins/Interchange/Assets/Content/Functions/MX_SurfaceUnlit.uasset" 652
"../../../Engine/Plugins/Interchange/Assets/Content/Functions/MX_SurfaceUnlit.uexp" 653
"../../../Engine/Plugins/Interchange/Assets/Content/Functions/MX_ThinFilmBSDF.uasset" 654
"../../../Engine/Plugins/Interchange/Assets/Content/Functions/MX_ThinFilmBSDF.uexp" 655
"../../../Engine/Plugins/Interchange/Assets/Content/Functions/MX_TranslucentBSDF.uasset" 656
"../../../Engine/Plugins/Interchange/Assets/Content/Functions/MX_TranslucentBSDF.uexp" 657
"../../../Engine/Plugins/Interchange/Assets/Content/Functions/MX_UniformEDF.uasset" 658
"../../../Engine/Plugins/Interchange/Assets/Content/Functions/MX_UniformEDF.uexp" 659
"../../../Engine/Plugins/Interchange/Assets/Content/Functions/MX_UsdPreviewSurface.uasset" 660
"../../../Engine/Plugins/Interchange/Assets/Content/Functions/MX_UsdPreviewSurface.uexp" 661
"../../../Engine/Plugins/Runtime/HairStrands/Content/Materials/HairCardsDefaultMaterial.uasset" 662
"../../../Engine/Plugins/Runtime/HairStrands/Content/Materials/HairCardsDefaultMaterial.uexp" 663
"../../../Engine/Plugins/Runtime/HairStrands/Content/Materials/HairGroupColors.uasset" 664
"../../../Engine/Plugins/Runtime/HairStrands/Content/Materials/HairGroupColors.uexp" 665
"../../../Engine/Content/EngineMaterials/HairColorMap.uasset" 666
"../../../Engine/Content/EngineMaterials/HairColorMap.uexp" 667
"../../../Engine/Content/EngineMaterials/HairDebugColor.uasset" 668
"../../../Engine/Content/EngineMaterials/HairDebugColor.uexp" 669
"../../../Engine/Content/Functions/Engine_MaterialFunctions02/Utility/MakeFloat2.uasset" 670
"../../../Engine/Content/Functions/Engine_MaterialFunctions02/Utility/MakeFloat2.uexp" 671
"../../../Engine/Plugins/Runtime/HairStrands/Content/Materials/HairDebugMaterial.uasset" 672
"../../../Engine/Plugins/Runtime/HairStrands/Content/Materials/HairDebugMaterial.uexp" 673
"../../../Engine/Plugins/Runtime/HairStrands/Content/Materials/HairDefaultMaterial.uasset" 674
"../../../Engine/Plugins/Runtime/HairStrands/Content/Materials/HairDefaultMaterial.uexp" 675
"../../../Engine/Plugins/Runtime/HairStrands/Content/Materials/HairMeshesDefaultMaterial.uasset" 676
"../../../Engine/Plugins/Runtime/HairStrands/Content/Materials/HairMeshesDefaultMaterial.uexp" 677
"../../../Engine/Plugins/VirtualProduction/CameraCalibrationCore/Content/Materials/M_DefaultEvenSquare.uasset" 678
"../../../Engine/Plugins/VirtualProduction/CameraCalibrationCore/Content/Materials/M_DefaultEvenSquare.uexp" 679
"../../../Engine/Plugins/VirtualProduction/CameraCalibrationCore/Content/Materials/M_DefaultOddSquare.uasset" 680
"../../../Engine/Plugins/VirtualProduction/CameraCalibrationCore/Content/Materials/M_DefaultOddSquare.uexp" 681
"../../../Engine/Content/EngineDebugMaterials/DebugEditorMaterial.uasset" 682
"../../../Engine/Content/EngineDebugMaterials/DebugEditorMaterial.uexp" 683
"../../../Engine/Content/EngineDebugMaterials/DebugMeshMaterial.uasset" 684
"../../../Engine/Content/EngineDebugMaterials/DebugMeshMaterial.uexp" 685
"../../../Engine/Content/EngineDebugMaterials/M_SimpleUnlitTranslucent.uasset" 686
"../../../Engine/Content/EngineDebugMaterials/M_SimpleUnlitTranslucent.uexp" 687
"../../../Engine/Content/EngineDebugMaterials/VolumeToRender.uasset" 688
"../../../Engine/Content/EngineDebugMaterials/VolumeToRender.uexp" 689
"../../../Engine/Content/EngineDebugMaterials/M_VolumeRenderSphereTracePP.uasset" 690
"../../../Engine/Content/EngineDebugMaterials/M_VolumeRenderSphereTracePP.uexp" 691
"../../../Engine/Content/EngineMaterials/DefaultDiffuse.ubulk" 692
"../../../Engine/Content/EngineMaterials/DefaultDiffuse.uasset" 693
"../../../Engine/Content/EngineMaterials/DefaultDiffuse.uexp" 694
"../../../Engine/Content/EngineMaterials/DefaultDeferredDecalMaterial.uasset" 695
"../../../Engine/Content/EngineMaterials/DefaultDeferredDecalMaterial.uexp" 696
"../../../Engine/Content/EngineMaterials/DefaultLightFunctionMaterial.uasset" 697
"../../../Engine/Content/EngineMaterials/DefaultLightFunctionMaterial.uexp" 698
"../../../Engine/Content/Functions/Engine_MaterialFunctions02/Utility/BreakOutFloat2Components.uasset" 699
"../../../Engine/Content/Functions/Engine_MaterialFunctions02/Utility/BreakOutFloat2Components.uexp" 700
"../../../Engine/Content/EngineMaterials/DefaultPostProcessMaterial.uasset" 701
"../../../Engine/Content/EngineMaterials/DefaultPostProcessMaterial.uexp" 702
"../../../Engine/Content/EngineFonts/RobotoDistanceField.uasset" 703
"../../../Engine/Content/EngineFonts/RobotoDistanceField.uexp" 704
"../../../Engine/Content/EngineMaterials/DefaultTextMaterialOpaque.uasset" 705
"../../../Engine/Content/EngineMaterials/DefaultTextMaterialOpaque.uexp" 706
"../../../Engine/Content/EngineMaterials/DefaultWhiteGrid_Low.uasset" 707
"../../../Engine/Content/EngineMaterials/DefaultWhiteGrid_Low.uexp" 708
"../../../Engine/Content/EngineMaterials/EmissiveMeshMaterial.uasset" 709
"../../../Engine/Content/EngineMaterials/EmissiveMeshMaterial.uexp" 710
"../../../Engine/Content/EngineMaterials/BaseFlattenLinearColor.uasset" 711
"../../../Engine/Content/EngineMaterials/BaseFlattenLinearColor.uexp" 712
"../../../Engine/Content/EngineMaterials/BaseFlattenNormalMap.uasset" 713
"../../../Engine/Content/EngineMaterials/BaseFlattenNormalMap.uexp" 714
"../../../Engine/Content/Functions/Engine_MaterialFunctions02/PivotPainter2/Black_1x1_EXR_Texture.uasset" 715
"../../../Engine/Content/Functions/Engine_MaterialFunctions02/PivotPainter2/Black_1x1_EXR_Texture.uexp" 716
"../../../Engine/Content/EngineMaterials/BaseFlattenDiffuseMap.uasset" 717
"../../../Engine/Content/EngineMaterials/BaseFlattenDiffuseMap.uexp" 718
"../../../Engine/Content/EngineMaterials/BaseFlattenEmissiveMap.uasset" 719
"../../../Engine/Content/EngineMaterials/BaseFlattenEmissiveMap.uexp" 720
"../../../Engine/Content/EngineMaterials/BaseFlattenGrayscaleMap.uasset" 721
"../../../Engine/Content/EngineMaterials/BaseFlattenGrayscaleMap.uexp" 722
"../../../Engine/Content/EngineMaterials/FlattenMaterial.uasset" 723
"../../../Engine/Content/EngineMaterials/FlattenMaterial.uexp" 724
"../../../Engine/Content/EngineMaterials/BaseFlattenDiffuseMap_VT.ubulk" 725
"../../../Engine/Content/EngineMaterials/BaseFlattenDiffuseMap_VT.uasset" 726
"../../../Engine/Content/EngineMaterials/BaseFlattenDiffuseMap_VT.uexp" 727
"../../../Engine/Content/EngineMaterials/BaseFlattenEmissiveMap_VT.ubulk" 728
"../../../Engine/Content/EngineMaterials/BaseFlattenEmissiveMap_VT.uasset" 729
"../../../Engine/Content/EngineMaterials/BaseFlattenEmissiveMap_VT.uexp" 730
"../../../Engine/Content/EngineMaterials/BaseFlattenGrayscaleMap_VT.ubulk" 731
"../../../Engine/Content/EngineMaterials/BaseFlattenGrayscaleMap_VT.uasset" 732
"../../../Engine/Content/EngineMaterials/BaseFlattenGrayscaleMap_VT.uexp" 733
"../../../Engine/Content/EngineMaterials/BaseFlattenLinearColor_VT.ubulk" 734
"../../../Engine/Content/EngineMaterials/BaseFlattenLinearColor_VT.uasset" 735
"../../../Engine/Content/EngineMaterials/BaseFlattenLinearColor_VT.uexp" 736
"../../../Engine/Content/EngineMaterials/BaseFlattenNormalMap_VT.ubulk" 737
"../../../Engine/Content/EngineMaterials/BaseFlattenNormalMap_VT.uasset" 738
"../../../Engine/Content/EngineMaterials/BaseFlattenNormalMap_VT.uexp" 739
"../../../Engine/Content/EngineMaterials/Black_1x1_EXR_Texture_VT.ubulk" 740
"../../../Engine/Content/EngineMaterials/Black_1x1_EXR_Texture_VT.uasset" 741
"../../../Engine/Content/EngineMaterials/Black_1x1_EXR_Texture_VT.uexp" 742
"../../../Engine/Content/EngineMaterials/FlattenMaterial_VT.uasset" 743
"../../../Engine/Content/EngineMaterials/FlattenMaterial_VT.uexp" 744
"../../../Engine/Content/EngineMaterials/FlattenMaterial_WS_Normal_VT.uasset" 745
"../../../Engine/Content/EngineMaterials/FlattenMaterial_WS_Normal_VT.uexp" 746
"../../../Engine/Content/EngineMaterials/GizmoMaterial.uasset" 747
"../../../Engine/Content/EngineMaterials/GizmoMaterial.uexp" 748
"../../../Engine/Content/EngineMaterials/InvalidLightmapSettings.ubulk" 749
"../../../Engine/Content/EngineMaterials/InvalidLightmapSettings.uasset" 750
"../../../Engine/Content/EngineMaterials/InvalidLightmapSettings.uexp" 751
"../../../Engine/Content/EngineMaterials/M_InvalidLightmapSettings.uasset" 752
"../../../Engine/Content/EngineMaterials/M_InvalidLightmapSettings.uexp" 753
"../../../Engine/Content/EngineMaterials/NaniteHiddenSectionMaterial.uasset" 754
"../../../Engine/Content/EngineMaterials/NaniteHiddenSectionMaterial.uexp" 755
"../../../Engine/Content/Functions/Engine_MaterialFunctions02/WorldPositionOffset/CameraOffset.uasset" 756
"../../../Engine/Content/Functions/Engine_MaterialFunctions02/WorldPositionOffset/CameraOffset.uexp" 757
"../../../Engine/Content/EngineMaterials/PhAT_JointLimitMaterial.uasset" 758
"../../../Engine/Content/EngineMaterials/PhAT_JointLimitMaterial.uexp" 759
"../../../Engine/Content/EngineMaterials/DefaultCalibrationColor.uasset" 760
"../../../Engine/Content/EngineMaterials/DefaultCalibrationColor.uexp" 761
"../../../Engine/Content/EngineMaterials/PPM_DefaultCalibrationColor.uasset" 762
"../../../Engine/Content/EngineMaterials/PPM_DefaultCalibrationColor.uexp" 763
"../../../Engine/Content/EngineMaterials/DefaultCalibrationGrayscale.uasset" 764
"../../../Engine/Content/EngineMaterials/DefaultCalibrationGrayscale.uexp" 765
"../../../Engine/Content/EngineMaterials/PPM_DefaultCalibrationGrayscale.uasset" 766
"../../../Engine/Content/EngineMaterials/PPM_DefaultCalibrationGrayscale.uexp" 767
"../../../Engine/Content/EngineMaterials/RemoveSurfaceMaterial.uasset" 768
"../../../Engine/Content/EngineMaterials/RemoveSurfaceMaterial.uexp" 769
"../../../Engine/Content/EngineMaterials/WeightMapPlaceholderTexture.uasset" 770
"../../../Engine/Content/EngineMaterials/WeightMapPlaceholderTexture.uexp" 771
"../../../Engine/Content/EngineMaterials/WeightMapArrayPlaceholderTexture.uasset" 772
"../../../Engine/Content/EngineMaterials/WeightMapArrayPlaceholderTexture.uexp" 773
"../../../Engine/Content/EngineResources/WhiteSquareTexture.uasset" 774
"../../../Engine/Content/EngineResources/WhiteSquareTexture.uexp" 775
"../../../Engine/Content/EngineMaterials/Widget3DPassThrough.uasset" 776
"../../../Engine/Content/EngineMaterials/Widget3DPassThrough.uexp" 777
"../../../Engine/Content/EngineMaterials/Widget3DPassThrough_Masked.uasset" 778
"../../../Engine/Content/EngineMaterials/Widget3DPassThrough_Masked.uexp" 779
"../../../Engine/Content/EngineMaterials/Widget3DPassThrough_Opaque.uasset" 780
"../../../Engine/Content/EngineMaterials/Widget3DPassThrough_Opaque.uexp" 781
"../../../Engine/Content/EngineMaterials/Widget3DPassThrough_Masked_OneSided.uasset" 782
"../../../Engine/Content/EngineMaterials/Widget3DPassThrough_Masked_OneSided.uexp" 783
"../../../Engine/Content/EngineMaterials/Widget3DPassThrough_Opaque_OneSided.uasset" 784
"../../../Engine/Content/EngineMaterials/Widget3DPassThrough_Opaque_OneSided.uexp" 785
"../../../Engine/Content/EngineMaterials/Widget3DPassThrough_Translucent.uasset" 786
"../../../Engine/Content/EngineMaterials/Widget3DPassThrough_Translucent.uexp" 787
"../../../Engine/Content/EngineMaterials/Widget3DPassThrough_Translucent_OneSided.uasset" 788
"../../../Engine/Content/EngineMaterials/Widget3DPassThrough_Translucent_OneSided.uexp" 789
"../../../Engine/Content/EngineResources/DefaultTextureCube.uasset" 790
"../../../Engine/Content/EngineResources/DefaultTextureCube.uexp" 791
"../../../Engine/Content/EditorLandscapeResources/DefaultAlphaTexture.uasset" 792
"../../../Engine/Content/EditorLandscapeResources/DefaultAlphaTexture.uexp" 793
"../../../Engine/Content/EditorLandscapeResources/ColorMaskBrushMaterial.uasset" 794
"../../../Engine/Content/EditorLandscapeResources/ColorMaskBrushMaterial.uexp" 795
"../../../Engine/Content/EditorLandscapeResources/ColorMaskBrushMaterial_MaskedRegion.uasset" 796
"../../../Engine/Content/EditorLandscapeResources/ColorMaskBrushMaterial_MaskedRegion.uexp" 797
"../../../Engine/Content/EditorLandscapeResources/LandscapeDirtyMaterial.uasset" 798
"../../../Engine/Content/EditorLandscapeResources/LandscapeDirtyMaterial.uexp" 799
"../../../Engine/Content/Functions/Engine_MaterialFunctions01/Texturing/ScaleUVsByCenter.uasset" 800
"../../../Engine/Content/Functions/Engine_MaterialFunctions01/Texturing/ScaleUVsByCenter.uexp" 801
"../../../Engine/Content/Functions/Engine_MaterialFunctions02/WorldPositionOffset/LocalPosition.uasset" 802
"../../../Engine/Content/Functions/Engine_MaterialFunctions02/WorldPositionOffset/LocalPosition.uexp" 803
"../../../Engine/Content/Functions/Engine_MaterialFunctions01/Texturing/TextureCropping.uasset" 804
"../../../Engine/Content/Functions/Engine_MaterialFunctions01/Texturing/TextureCropping.uexp" 805
"../../../Engine/Content/Functions/Engine_MaterialFunctions02/ExampleContent/DebugNumberStrip.uasset" 806
"../../../Engine/Content/Functions/Engine_MaterialFunctions02/ExampleContent/DebugNumberStrip.uexp" 807
"../../../Engine/Content/Functions/Engine_MaterialFunctions01/Debug/DebugIntValues.uasset" 808
"../../../Engine/Content/Functions/Engine_MaterialFunctions01/Debug/DebugIntValues.uexp" 809
"../../../Engine/Content/EditorLandscapeResources/LandscapeLayerUsageMaterial.uasset" 810
"../../../Engine/Content/EditorLandscapeResources/LandscapeLayerUsageMaterial.uexp" 811
"../../../Engine/Content/EditorLandscapeResources/WhiteSquareTexture.uasset" 812
"../../../Engine/Content/EditorLandscapeResources/WhiteSquareTexture.uexp" 813
"../../../Engine/Content/EditorLandscapeResources/LayerVisMaterial.uasset" 814
"../../../Engine/Content/EditorLandscapeResources/LayerVisMaterial.uexp" 815
"../../../Engine/Content/Functions/Engine_MaterialFunctions03/Math/WithinRangeFloat2.uasset" 816
"../../../Engine/Content/Functions/Engine_MaterialFunctions03/Math/WithinRangeFloat2.uexp" 817
"../../../Engine/Content/EditorLandscapeResources/MaskBrushMaterial.uasset" 818
"../../../Engine/Content/EditorLandscapeResources/MaskBrushMaterial.uexp" 819
"../../../Engine/Content/EditorLandscapeResources/MaskBrushMaterial_MaskedRegion.uasset" 820
"../../../Engine/Content/EditorLandscapeResources/MaskBrushMaterial_MaskedRegion.uexp" 821
"../../../Engine/Content/EditorLandscapeResources/SelectBrushMaterial.uasset" 822
"../../../Engine/Content/EditorLandscapeResources/SelectBrushMaterial.uexp" 823
"../../../Engine/Content/EditorLandscapeResources/SelectBrushMaterial_Selected.uasset" 824
"../../../Engine/Content/EditorLandscapeResources/SelectBrushMaterial_Selected.uexp" 825
"../../../Engine/Content/EditorLandscapeResources/SelectBrushMaterial_SelectedRegion.uasset" 826
"../../../Engine/Content/EditorLandscapeResources/SelectBrushMaterial_SelectedRegion.uexp" 827
"../../../Engine/Content/EditorLandscapeResources/SplineEditorMeshMat.uasset" 828
"../../../Engine/Content/EditorLandscapeResources/SplineEditorMeshMat.uexp" 829
"../../../Engine/Content/EditorLandscapeResources/SplineEditorMesh.ubulk" 830
"../../../Engine/Content/EditorLandscapeResources/SplineEditorMesh.uasset" 831
"../../../Engine/Content/EditorLandscapeResources/SplineEditorMesh.uexp" 832
"../../../Engine/Content/EditorMaterials/PhAT_NoCollisionMaterial.uasset" 833
"../../../Engine/Content/EditorMaterials/PhAT_NoCollisionMaterial.uexp" 834
"../../../Engine/Content/EditorMaterials/PhAT_UnselectedMaterial.uasset" 835
"../../../Engine/Content/EditorMaterials/PhAT_UnselectedMaterial.uexp" 836
"../../../Engine/Content/EditorMaterials/PreviewShadowIndicator.ubulk" 837
"../../../Engine/Content/EditorMaterials/PreviewShadowIndicator.uasset" 838
"../../../Engine/Content/EditorMaterials/PreviewShadowIndicator.uexp" 839
"../../../Engine/Content/EditorMaterials/PreviewShadowIndicatorMaterial.uasset" 840
"../../../Engine/Content/EditorMaterials/PreviewShadowIndicatorMaterial.uexp" 841
"../../../Engine/Content/BasicShapes/BasicShapeMaterial.uasset" 842
"../../../Engine/Content/BasicShapes/BasicShapeMaterial.uexp" 843
"../../../Engine/Content/EngineMaterials/DefaultMaterial.uasset" 844
"../../../Engine/Content/EngineMaterials/DefaultMaterial.uexp" 845
"../../../Engine/Content/BasicShapes/Cone.ubulk" 846
"../../../Engine/Content/BasicShapes/Cone.uasset" 847
"../../../Engine/Content/BasicShapes/Cone.uexp" 848
"../../../Engine/Content/BasicShapes/Cube.ubulk" 849
"../../../Engine/Content/BasicShapes/Cube.uasset" 850
"../../../Engine/Content/BasicShapes/Cube.uexp" 851
"../../../Engine/Content/BasicShapes/Cylinder.ubulk" 852
"../../../Engine/Content/BasicShapes/Cylinder.uasset" 853
"../../../Engine/Content/BasicShapes/Cylinder.uexp" 854
"../../../Engine/Content/BasicShapes/Plane.ubulk" 855
"../../../Engine/Content/BasicShapes/Plane.uasset" 856
"../../../Engine/Content/BasicShapes/Plane.uexp" 857
"../../../Engine/Content/BasicShapes/Sphere.ubulk" 858
"../../../Engine/Content/BasicShapes/Sphere.uasset" 859
"../../../Engine/Content/BasicShapes/Sphere.uexp" 860
"P:/Coding/Unreal Projects/Multiplayer-Project/MenuSystem/Content/LevelPrototyping/Materials/M_FlatCol.uasset" 861
"P:/Coding/Unreal Projects/Multiplayer-Project/MenuSystem/Content/LevelPrototyping/Materials/M_FlatCol.uexp" 862
"P:/Coding/Unreal Projects/Multiplayer-Project/MenuSystem/Content/LevelPrototyping/Materials/MI_DefaultColorway.uasset" 863
"P:/Coding/Unreal Projects/Multiplayer-Project/MenuSystem/Content/LevelPrototyping/Materials/MI_DefaultColorway.uexp" 864
"P:/Coding/Unreal Projects/Multiplayer-Project/MenuSystem/Content/ThirdPerson/MI_ThirdPersonColWay.uasset" 865
"P:/Coding/Unreal Projects/Multiplayer-Project/MenuSystem/Content/ThirdPerson/MI_ThirdPersonColWay.uexp" 866
"../../../Engine/Plugins/2D/Paper2D/Content/DefaultSpriteMaterial.uasset" 867
"../../../Engine/Plugins/2D/Paper2D/Content/DefaultSpriteMaterial.uexp" 868
"../../../Engine/Plugins/2D/Paper2D/Content/MaskedUnlitSpriteMaterial.uasset" 869
"../../../Engine/Plugins/2D/Paper2D/Content/MaskedUnlitSpriteMaterial.uexp" 870
"../../../Engine/Plugins/2D/Paper2D/Content/OpaqueUnlitSpriteMaterial.uasset" 871
"../../../Engine/Plugins/2D/Paper2D/Content/OpaqueUnlitSpriteMaterial.uexp" 872
"../../../Engine/Plugins/Animation/ControlRig/Content/M_Manip.uasset" 873
"../../../Engine/Plugins/Animation/ControlRig/Content/M_Manip.uexp" 874
"../../../Engine/Plugins/Media/MediaPlate/Content/SM_MediaPlateScreen.ubulk" 875
"../../../Engine/Plugins/Media/MediaPlate/Content/SM_MediaPlateScreen.uasset" 876
"../../../Engine/Plugins/Media/MediaPlate/Content/SM_MediaPlateScreen.uexp" 877
"../../../Engine/Content/EngineMaterials/Substrate/Volume/SubstrateSimpleVolumeLUT3D.uasset" 878
"../../../Engine/Content/EngineMaterials/Substrate/Volume/SubstrateSimpleVolumeLUT3D.uexp" 879
"../../../Engine/Content/EngineMaterials/Substrate/Volume/SubstrateSimpleVolumeEnvLUT3D.uasset" 880
"../../../Engine/Content/EngineMaterials/Substrate/Volume/SubstrateSimpleVolumeEnvLUT3D.uexp" 881
"../../../Engine/Plugins/NNE/NNEDenoiser/Content/NNE_oidn2-3-0_rt_hdr_calb_cnrm_large__dyn__fp16_opset11_ForwardAlpha.uasset" 882
"../../../Engine/Plugins/NNE/NNEDenoiser/Content/NNE_oidn2-3-0_rt_hdr_calb_cnrm_large__dyn__fp16_opset11_ForwardAlpha.uexp" 883
"../../../Engine/Plugins/NNE/NNEDenoiser/Content/NNE_oidn2-3-0_rt_hdr_calb_cnrm_large__dyn__fp16_opset11_DenoiseAlpha.uasset" 884
"../../../Engine/Plugins/NNE/NNEDenoiser/Content/NNE_oidn2-3-0_rt_hdr_calb_cnrm_large__dyn__fp16_opset11_DenoiseAlpha.uexp" 885
"../../../Engine/Plugins/NNE/NNEDenoiser/Content/NNE_oidn2-3-0_rt_hdr_alb_nrm__dyn__fp16_opset11_ForwardAlpha.uasset" 886
"../../../Engine/Plugins/NNE/NNEDenoiser/Content/NNE_oidn2-3-0_rt_hdr_alb_nrm__dyn__fp16_opset11_ForwardAlpha.uexp" 887
"../../../Engine/Plugins/NNE/NNEDenoiser/Content/NNE_oidn2-3-0_rt_hdr_alb_nrm__dyn__fp16_opset11_DenoiseAlpha.uasset" 888
"../../../Engine/Plugins/NNE/NNEDenoiser/Content/NNE_oidn2-3-0_rt_hdr_alb_nrm__dyn__fp16_opset11_DenoiseAlpha.uexp" 889
"../../../Engine/Plugins/NNE/NNEDenoiser/Content/NNE_oidn2-3-0_rt_hdr_alb_nrm_small__dyn__fp16_opset11_ForwardAlpha.uasset" 890
"../../../Engine/Plugins/NNE/NNEDenoiser/Content/NNE_oidn2-3-0_rt_hdr_alb_nrm_small__dyn__fp16_opset11_ForwardAlpha.uexp" 891
"../../../Engine/Plugins/NNE/NNEDenoiser/Content/NNE_oidn2-3-0_rt_hdr_alb_nrm_small__dyn__fp16_opset11_DenoiseAlpha.uasset" 892
"../../../Engine/Plugins/NNE/NNEDenoiser/Content/NNE_oidn2-3-0_rt_hdr_alb_nrm_small__dyn__fp16_opset11_DenoiseAlpha.uexp" 893
"../../../Engine/Plugins/NNE/NNEDenoiser/Content/NNED_Oidn2-3_HighQuality_Alpha.uasset" 894
"../../../Engine/Plugins/NNE/NNEDenoiser/Content/NNED_Oidn2-3_HighQuality_Alpha.uexp" 895
"../../../Engine/Plugins/NNE/NNEDenoiser/Content/NNED_Oidn2-3_HighQuality.uasset" 896
"../../../Engine/Plugins/NNE/NNEDenoiser/Content/NNED_Oidn2-3_HighQuality.uexp" 897
"../../../Engine/Plugins/NNE/NNEDenoiser/Content/NNED_Oidn2-3_Fast_Alpha.uasset" 898
"../../../Engine/Plugins/NNE/NNEDenoiser/Content/NNED_Oidn2-3_Fast_Alpha.uexp" 899
"../../../Engine/Plugins/NNE/NNEDenoiser/Content/NNED_Oidn2-3_Fast.uasset" 900
"../../../Engine/Plugins/NNE/NNEDenoiser/Content/NNED_Oidn2-3_Fast.uexp" 901
"../../../Engine/Plugins/NNE/NNEDenoiser/Content/NNED_Oidn2-3_Balanced_Alpha.uasset" 902
"../../../Engine/Plugins/NNE/NNEDenoiser/Content/NNED_Oidn2-3_Balanced_Alpha.uexp" 903
"../../../Engine/Plugins/NNE/NNEDenoiser/Content/NNED_Oidn2-3_Balanced.uasset" 904
"../../../Engine/Plugins/NNE/NNEDenoiser/Content/NNED_Oidn2-3_Balanced.uexp" 905
"../../../Engine/Plugins/NNE/NNEDenoiser/Content/NNEDT_Oidn2-3_Balanced_Alpha.uasset" 906
"../../../Engine/Plugins/NNE/NNEDenoiser/Content/NNEDT_Oidn2-3_Balanced_Alpha.uexp" 907
"../../../Engine/Plugins/NNE/NNEDenoiser/Content/NNEDT_Oidn2-3_Balanced.uasset" 908
"../../../Engine/Plugins/NNE/NNEDenoiser/Content/NNEDT_Oidn2-3_Balanced.uexp" 909
"../../../Engine/Content/VREditor/Sounds/UI/Drop_Item_From_ContentBrowser.ubulk" 910
"../../../Engine/Content/VREditor/Sounds/UI/Drop_Item_From_ContentBrowser.uasset" 911
"../../../Engine/Content/VREditor/Sounds/UI/Drop_Item_From_ContentBrowser.uexp" 912
"../../../Engine/Content/VREditor/TransformGizmo/TransformGizmoMaterial_Inst.uasset" 913
"../../../Engine/Content/VREditor/TransformGizmo/TransformGizmoMaterial_Inst.uexp" 914
"../../../Engine/Content/VREditor/TransformGizmo/TranslucentTransformGizmoMaterial_Inst.uasset" 915
"../../../Engine/Content/VREditor/TransformGizmo/TranslucentTransformGizmoMaterial_Inst.uexp" 916
"../../../Engine/Content/Functions/Engine_MaterialFunctions02/SplitComponents.uasset" 917
"../../../Engine/Content/Functions/Engine_MaterialFunctions02/SplitComponents.uexp" 918
"../../../Engine/Content/VREditor/SnapGrid/SnapGridMaterial.uasset" 919
"../../../Engine/Content/VREditor/SnapGrid/SnapGridMaterial.uexp" 920
"../../../Engine/Content/VREditor/SnapGrid/SnapGridPlaneMesh.ubulk" 921
"../../../Engine/Content/VREditor/SnapGrid/SnapGridPlaneMesh.uasset" 922
"../../../Engine/Content/VREditor/SnapGrid/SnapGridPlaneMesh.uexp" 923
"../../../Engine/Content/VREditor/Sounds/UI/Gizmo_Handle_Clicked.ubulk" 924
"../../../Engine/Content/VREditor/Sounds/UI/Gizmo_Handle_Clicked.uasset" 925
"../../../Engine/Content/VREditor/Sounds/UI/Gizmo_Handle_Clicked.uexp" 926
"../../../Engine/Content/VREditor/Sounds/UI/Object_PickUp.ubulk" 927
"../../../Engine/Content/VREditor/Sounds/UI/Object_PickUp.uasset" 928
"../../../Engine/Content/VREditor/Sounds/UI/Object_PickUp.uexp" 929
"../../../Engine/Content/VREditor/Sounds/UI/Object_Snaps_To_Another_Actor.ubulk" 930
"../../../Engine/Content/VREditor/Sounds/UI/Object_Snaps_To_Another_Actor.uasset" 931
"../../../Engine/Content/VREditor/Sounds/UI/Object_Snaps_To_Another_Actor.uexp" 932
"../../../Engine/Content/VREditor/Sounds/UI/Object_Snaps_To_Grid.ubulk" 933
"../../../Engine/Content/VREditor/Sounds/UI/Object_Snaps_To_Grid.uasset" 934
"../../../Engine/Content/VREditor/Sounds/UI/Object_Snaps_To_Grid.uexp" 935
"../../../Engine/Content/VREditor/Sounds/UI/Scaling_Down.ubulk" 936
"../../../Engine/Content/VREditor/Sounds/UI/Scaling_Down.uasset" 937
"../../../Engine/Content/VREditor/Sounds/UI/Scaling_Down.uexp" 938
"../../../Engine/Content/VREditor/Sounds/UI/Scaling_Up.ubulk" 939
"../../../Engine/Content/VREditor/Sounds/UI/Scaling_Up.uasset" 940
"../../../Engine/Content/VREditor/Sounds/UI/Scaling_Up.uexp" 941
"../../../Engine/Content/VREditor/Sounds/UI/Selection_Changes.ubulk" 942
"../../../Engine/Content/VREditor/Sounds/UI/Selection_Changes.uasset" 943
"../../../Engine/Content/VREditor/Sounds/UI/Selection_Changes.uexp" 944
"../../../Engine/Content/VREditor/TransformGizmo/PlaneTranslationHandle.ubulk" 945
"../../../Engine/Content/VREditor/TransformGizmo/PlaneTranslationHandle.uasset" 946
"../../../Engine/Content/VREditor/TransformGizmo/PlaneTranslationHandle.uexp" 947
"../../../Engine/Content/VREditor/TransformGizmo/RotationHandleFull.ubulk" 948
"../../../Engine/Content/VREditor/TransformGizmo/RotationHandleFull.uasset" 949
"../../../Engine/Content/VREditor/TransformGizmo/RotationHandleFull.uexp" 950
"../../../Engine/Content/VREditor/TransformGizmo/RotationHandleIndicator.ubulk" 951
"../../../Engine/Content/VREditor/TransformGizmo/RotationHandleIndicator.uasset" 952
"../../../Engine/Content/VREditor/TransformGizmo/RotationHandleIndicator.uexp" 953
"../../../Engine/Content/VREditor/TransformGizmo/RotationHandleQuarter.ubulk" 954
"../../../Engine/Content/VREditor/TransformGizmo/RotationHandleQuarter.uasset" 955
"../../../Engine/Content/VREditor/TransformGizmo/RotationHandleQuarter.uexp" 956
"../../../Engine/Content/VREditor/TransformGizmo/StartRotationHandleIndicator.ubulk" 957
"../../../Engine/Content/VREditor/TransformGizmo/StartRotationHandleIndicator.uasset" 958
"../../../Engine/Content/VREditor/TransformGizmo/StartRotationHandleIndicator.uexp" 959
"../../../Engine/Content/VREditor/TransformGizmo/TransformGizmoFreeRotation.ubulk" 960
"../../../Engine/Content/VREditor/TransformGizmo/TransformGizmoFreeRotation.uasset" 961
"../../../Engine/Content/VREditor/TransformGizmo/TransformGizmoFreeRotation.uexp" 962
"../../../Engine/Content/VREditor/TransformGizmo/TranslateArrowHandle.ubulk" 963
"../../../Engine/Content/VREditor/TransformGizmo/TranslateArrowHandle.uasset" 964
"../../../Engine/Content/VREditor/TransformGizmo/TranslateArrowHandle.uexp" 965
"../../../Engine/Content/VREditor/TransformGizmo/UniformScaleHandle.ubulk" 966
"../../../Engine/Content/VREditor/TransformGizmo/UniformScaleHandle.uasset" 967
"../../../Engine/Content/VREditor/TransformGizmo/UniformScaleHandle.uexp" 968
"../../../Engine/Content/EngineResources/LandscapeVisibilityLayerInfo.uasset" 969
"../../../Engine/Content/EngineResources/LandscapeVisibilityLayerInfo.uexp" 970
"../../../Engine/Plugins/Animation/DeformerGraph/Content/DeformerFunctions/DG_Function_LinearBlendSkin_Morph_Cloth_PositionOnly.uasset" 971
"../../../Engine/Plugins/Animation/DeformerGraph/Content/DeformerFunctions/DG_Function_LinearBlendSkin_Morph_Cloth_PositionOnly.uexp" 972
"../../../Engine/Plugins/Animation/DeformerGraph/Content/DeformerFunctions/DG_Function_ComputeNormalsTangents.uasset" 973
"../../../Engine/Plugins/Animation/DeformerGraph/Content/DeformerFunctions/DG_Function_ComputeNormalsTangents.uexp" 974
"../../../Engine/Plugins/Animation/DeformerGraph/Content/Deformers/DG_LinearBlendSkin_Morph_Cloth_RecomputeNormals.uasset" 975
"../../../Engine/Plugins/Animation/DeformerGraph/Content/Deformers/DG_LinearBlendSkin_Morph_Cloth_RecomputeNormals.uexp" 976
"../../../Engine/Plugins/Animation/DeformerGraph/Content/DeformerFunctions/DG_Function_LinearBlendSkin_Morph_Cloth.uasset" 977
"../../../Engine/Plugins/Animation/DeformerGraph/Content/DeformerFunctions/DG_Function_LinearBlendSkin_Morph_Cloth.uexp" 978
"../../../Engine/Plugins/Animation/DeformerGraph/Content/Deformers/DG_LinearBlendSkin_Morph_Cloth.uasset" 979
"../../../Engine/Plugins/Animation/DeformerGraph/Content/Deformers/DG_LinearBlendSkin_Morph_Cloth.uexp" 980
"../../../Engine/Content/Maps/Entry_BuiltData.uasset" 981
"../../../Engine/Content/Maps/Entry_BuiltData.uexp" 982
"../../../Engine/Content/Maps/Entry.uexp" 983
"../../../Engine/Content/Maps/Entry.umap" 984
"../../../Engine/Content/MapTemplates/SM_Template_Map_Floor.ubulk" 985
"../../../Engine/Content/MapTemplates/SM_Template_Map_Floor.uasset" 986
"../../../Engine/Content/MapTemplates/SM_Template_Map_Floor.uexp" 987
"../../../Engine/Content/EngineSky/M_SimpleSkyDome.uasset" 988
"../../../Engine/Content/EngineSky/M_SimpleSkyDome.uexp" 989
"../../../Engine/Content/EngineSky/T_Sky_Stars.ubulk" 990
"../../../Engine/Content/EngineSky/T_Sky_Stars.uasset" 991
"../../../Engine/Content/EngineSky/T_Sky_Stars.uexp" 992
"../../../Engine/Content/EngineSky/T_Sky_Clouds_M.ubulk" 993
"../../../Engine/Content/EngineSky/T_Sky_Clouds_M.uasset" 994
"../../../Engine/Content/EngineSky/T_Sky_Clouds_M.uexp" 995
"../../../Engine/Content/EngineSky/T_Sky_Blue.ubulk" 996
"../../../Engine/Content/EngineSky/T_Sky_Blue.uasset" 997
"../../../Engine/Content/EngineSky/T_Sky_Blue.uexp" 998
"../../../Engine/Content/EngineSky/M_Sky_Panning_Clouds2.uasset" 999
"../../../Engine/Content/EngineSky/M_Sky_Panning_Clouds2.uexp" 1000
"../../../Engine/Content/EngineSky/SM_SkySphere.ubulk" 1001
"../../../Engine/Content/EngineSky/SM_SkySphere.uasset" 1002
"../../../Engine/Content/EngineSky/SM_SkySphere.uexp" 1003
"../../../Engine/Content/EngineMaterials/BlendFunc_DefBase.uasset" 1004
"../../../Engine/Content/EngineMaterials/BlendFunc_DefBase.uexp" 1005
"../../../Engine/Content/EngineMaterials/BlendFunc_DefBlend.uasset" 1006
"../../../Engine/Content/EngineMaterials/BlendFunc_DefBlend.uexp" 1007
"../../../Engine/Content/Functions/Engine_MaterialFunctions03/Blends/Blend_Overlay.uasset" 1008
"../../../Engine/Content/Functions/Engine_MaterialFunctions03/Blends/Blend_Overlay.uexp" 1009
"../../../Engine/Content/OpenWorldTemplate/LandscapeMaterial/T_GridChecker_A.ubulk" 1010
"../../../Engine/Content/OpenWorldTemplate/LandscapeMaterial/T_GridChecker_A.uasset" 1011
"../../../Engine/Content/OpenWorldTemplate/LandscapeMaterial/T_GridChecker_A.uexp" 1012
"../../../Engine/Content/OpenWorldTemplate/LandscapeMaterial/MF_ProcGrid.uasset" 1013
"../../../Engine/Content/OpenWorldTemplate/LandscapeMaterial/MF_ProcGrid.uexp" 1014
"../../../Engine/Content/OpenWorldTemplate/LandscapeMaterial/M_ProcGrid.uasset" 1015
"../../../Engine/Content/OpenWorldTemplate/LandscapeMaterial/M_ProcGrid.uexp" 1016
"../../../Engine/Content/OpenWorldTemplate/LandscapeMaterial/MI_ProcGrid.uasset" 1017
"../../../Engine/Content/OpenWorldTemplate/LandscapeMaterial/MI_ProcGrid.uexp" 1018
"../../../Engine/Content/EngineSky/VolumetricClouds/VT_PerlinWorley_Balanced.uasset" 1019
"../../../Engine/Content/EngineSky/VolumetricClouds/VT_PerlinWorley_Balanced.uexp" 1020
"../../../Engine/Content/EngineSky/VolumetricClouds/T_Profile_08.ubulk" 1021
"../../../Engine/Content/EngineSky/VolumetricClouds/T_Profile_08.uasset" 1022
"../../../Engine/Content/EngineSky/VolumetricClouds/T_Profile_08.uexp" 1023
"../../../Engine/Content/EngineSky/VolumetricClouds/T_CloudPattern.ubulk" 1024
"../../../Engine/Content/EngineSky/VolumetricClouds/T_CloudPattern.uasset" 1025
"../../../Engine/Content/EngineSky/VolumetricClouds/T_CloudPattern.uexp" 1026
"../../../Engine/Content/EngineSky/VolumetricClouds/T_CloudMask.ubulk" 1027
"../../../Engine/Content/EngineSky/VolumetricClouds/T_CloudMask.uasset" 1028
"../../../Engine/Content/EngineSky/VolumetricClouds/T_CloudMask.uexp" 1029
"../../../Engine/Content/Functions/Engine_MaterialFunctions02/Utility/BreakOutFloat4Components.uasset" 1030
"../../../Engine/Content/Functions/Engine_MaterialFunctions02/Utility/BreakOutFloat4Components.uexp" 1031
"../../../Engine/Content/Functions/Engine_MaterialFunctions02/Utility/MakeFloat4.uasset" 1032
"../../../Engine/Content/Functions/Engine_MaterialFunctions02/Utility/MakeFloat4.uexp" 1033
"../../../Engine/Content/EngineResources/DefaultVolumeTexture2D.uasset" 1034
"../../../Engine/Content/EngineResources/DefaultVolumeTexture2D.uexp" 1035
"../../../Engine/Content/EngineResources/DefaultVolumeTexture.uasset" 1036
"../../../Engine/Content/EngineResources/DefaultVolumeTexture.uexp" 1037
"../../../Engine/Content/Functions/Engine_MaterialFunctions01/Units/Km-to-Cm.uasset" 1038
"../../../Engine/Content/Functions/Engine_MaterialFunctions01/Units/Km-to-Cm.uexp" 1039
"../../../Engine/Content/EngineSky/VolumetricClouds/VT_Lightning.uasset" 1040
"../../../Engine/Content/EngineSky/VolumetricClouds/VT_Lightning.uexp" 1041
"../../../Engine/Content/EngineSky/VolumetricClouds/m_SimpleVolumetricCloud.uasset" 1042
"../../../Engine/Content/EngineSky/VolumetricClouds/m_SimpleVolumetricCloud.uexp" 1043
"../../../Engine/Content/EngineSky/VolumetricClouds/m_SimpleVolumetricCloud_Inst.uasset" 1044
"../../../Engine/Content/EngineSky/VolumetricClouds/m_SimpleVolumetricCloud_Inst.uexp" 1045
"P:/Coding/Unreal Projects/Multiplayer-Project/MenuSystem/Content/Maps/Lobby.uexp" 1046
"P:/Coding/Unreal Projects/Multiplayer-Project/MenuSystem/Content/Maps/Lobby.umap" 1047
"P:/Coding/Unreal Projects/Multiplayer-Project/MenuSystem/Plugins/MultiplayerSessions/Content/WBP_Menu.uasset" 1048
"P:/Coding/Unreal Projects/Multiplayer-Project/MenuSystem/Plugins/MultiplayerSessions/Content/WBP_Menu.uexp" 1049
"P:/Coding/Unreal Projects/Multiplayer-Project/MenuSystem/Content/Input/Actions/IA_MouseLook.uasset" 1050
"P:/Coding/Unreal Projects/Multiplayer-Project/MenuSystem/Content/Input/Actions/IA_MouseLook.uexp" 1051
"P:/Coding/Unreal Projects/Multiplayer-Project/MenuSystem/Content/Input/IMC_MouseLook.uasset" 1052
"P:/Coding/Unreal Projects/Multiplayer-Project/MenuSystem/Content/Input/IMC_MouseLook.uexp" 1053
"P:/Coding/Unreal Projects/Multiplayer-Project/MenuSystem/Content/Input/Actions/IA_Jump.uasset" 1054
"P:/Coding/Unreal Projects/Multiplayer-Project/MenuSystem/Content/Input/Actions/IA_Jump.uexp" 1055
"P:/Coding/Unreal Projects/Multiplayer-Project/MenuSystem/Content/Input/Actions/IA_Move.uasset" 1056
"P:/Coding/Unreal Projects/Multiplayer-Project/MenuSystem/Content/Input/Actions/IA_Move.uexp" 1057
"P:/Coding/Unreal Projects/Multiplayer-Project/MenuSystem/Content/Input/Actions/IA_Look.uasset" 1058
"P:/Coding/Unreal Projects/Multiplayer-Project/MenuSystem/Content/Input/Actions/IA_Look.uexp" 1059
"P:/Coding/Unreal Projects/Multiplayer-Project/MenuSystem/Content/Input/IMC_Default.uasset" 1060
"P:/Coding/Unreal Projects/Multiplayer-Project/MenuSystem/Content/Input/IMC_Default.uexp" 1061
"../../../Engine/Content/MobileResources/HUD/VirtualJoystick_Thumb.uasset" 1062
"../../../Engine/Content/MobileResources/HUD/VirtualJoystick_Thumb.uexp" 1063
"../../../Engine/Content/MobileResources/HUD/VirtualJoystick_Background.uasset" 1064
"../../../Engine/Content/MobileResources/HUD/VirtualJoystick_Background.uexp" 1065
"P:/Coding/Unreal Projects/Multiplayer-Project/MenuSystem/Content/Input/Touch/UI_Thumbstick.uasset" 1066
"P:/Coding/Unreal Projects/Multiplayer-Project/MenuSystem/Content/Input/Touch/UI_Thumbstick.uexp" 1067
"P:/Coding/Unreal Projects/Multiplayer-Project/MenuSystem/Content/Input/Touch/BPI_TouchInterface.uasset" 1068
"P:/Coding/Unreal Projects/Multiplayer-Project/MenuSystem/Content/Input/Touch/BPI_TouchInterface.uexp" 1069
"P:/Coding/Unreal Projects/Multiplayer-Project/MenuSystem/Content/Input/Touch/UI_TouchSimple.uasset" 1070
"P:/Coding/Unreal Projects/Multiplayer-Project/MenuSystem/Content/Input/Touch/UI_TouchSimple.uexp" 1071
"P:/Coding/Unreal Projects/Multiplayer-Project/MenuSystem/Content/ThirdPerson/Blueprints/BP_ThirdPersonPlayerController.uasset" 1072
"P:/Coding/Unreal Projects/Multiplayer-Project/MenuSystem/Content/ThirdPerson/Blueprints/BP_ThirdPersonPlayerController.uexp" 1073
"P:/Coding/Unreal Projects/Multiplayer-Project/MenuSystem/Content/Characters/Mannequins/Meshes/SK_Mannequin.uasset" 1074
"P:/Coding/Unreal Projects/Multiplayer-Project/MenuSystem/Content/Characters/Mannequins/Meshes/SK_Mannequin.uexp" 1075
"P:/Coding/Unreal Projects/Multiplayer-Project/MenuSystem/Content/Characters/Mannequins/Rigs/PA_Mannequin.uasset" 1076
"P:/Coding/Unreal Projects/Multiplayer-Project/MenuSystem/Content/Characters/Mannequins/Rigs/PA_Mannequin.uexp" 1077
"P:/Coding/Unreal Projects/Multiplayer-Project/MenuSystem/Content/Characters/Mannequins/Textures/Quinn/T_Quinn_02_N.ubulk" 1078
"P:/Coding/Unreal Projects/Multiplayer-Project/MenuSystem/Content/Characters/Mannequins/Textures/Quinn/T_Quinn_02_N.uasset" 1079
"P:/Coding/Unreal Projects/Multiplayer-Project/MenuSystem/Content/Characters/Mannequins/Textures/Quinn/T_Quinn_02_N.uexp" 1080
"P:/Coding/Unreal Projects/Multiplayer-Project/MenuSystem/Content/Characters/Mannequins/Textures/Quinn/T_Quinn_02_MRA.ubulk" 1081
"P:/Coding/Unreal Projects/Multiplayer-Project/MenuSystem/Content/Characters/Mannequins/Textures/Quinn/T_Quinn_02_MRA.uasset" 1082
"P:/Coding/Unreal Projects/Multiplayer-Project/MenuSystem/Content/Characters/Mannequins/Textures/Quinn/T_Quinn_02_MRA.uexp" 1083
"P:/Coding/Unreal Projects/Multiplayer-Project/MenuSystem/Content/Characters/Mannequins/Textures/Quinn/T_Quinn_02_D.ubulk" 1084
"P:/Coding/Unreal Projects/Multiplayer-Project/MenuSystem/Content/Characters/Mannequins/Textures/Quinn/T_Quinn_02_D.uasset" 1085
"P:/Coding/Unreal Projects/Multiplayer-Project/MenuSystem/Content/Characters/Mannequins/Textures/Quinn/T_Quinn_02_D.uexp" 1086
"P:/Coding/Unreal Projects/Multiplayer-Project/MenuSystem/Content/Characters/Mannequins/Textures/Quinn/T_Quinn_01_N.ubulk" 1087
"P:/Coding/Unreal Projects/Multiplayer-Project/MenuSystem/Content/Characters/Mannequins/Textures/Quinn/T_Quinn_01_N.uasset" 1088
"P:/Coding/Unreal Projects/Multiplayer-Project/MenuSystem/Content/Characters/Mannequins/Textures/Quinn/T_Quinn_01_N.uexp" 1089
"P:/Coding/Unreal Projects/Multiplayer-Project/MenuSystem/Content/Characters/Mannequins/Textures/Quinn/T_Quinn_01_MRA.ubulk" 1090
"P:/Coding/Unreal Projects/Multiplayer-Project/MenuSystem/Content/Characters/Mannequins/Textures/Quinn/T_Quinn_01_MRA.uasset" 1091
"P:/Coding/Unreal Projects/Multiplayer-Project/MenuSystem/Content/Characters/Mannequins/Textures/Quinn/T_Quinn_01_MRA.uexp" 1092
"P:/Coding/Unreal Projects/Multiplayer-Project/MenuSystem/Content/Characters/Mannequins/Textures/Quinn/T_Quinn_01_D.ubulk" 1093
"P:/Coding/Unreal Projects/Multiplayer-Project/MenuSystem/Content/Characters/Mannequins/Textures/Quinn/T_Quinn_01_D.uasset" 1094
"P:/Coding/Unreal Projects/Multiplayer-Project/MenuSystem/Content/Characters/Mannequins/Textures/Quinn/T_Quinn_01_D.uexp" 1095
"P:/Coding/Unreal Projects/Multiplayer-Project/MenuSystem/Content/Characters/Mannequins/Textures/Shared/T_UE_Logo_M.uasset" 1096
"P:/Coding/Unreal Projects/Multiplayer-Project/MenuSystem/Content/Characters/Mannequins/Textures/Shared/T_UE_Logo_M.uexp" 1097
"P:/Coding/Unreal Projects/Multiplayer-Project/MenuSystem/Content/Characters/Mannequins/Textures/Manny/T_Manny_01_MRA.ubulk" 1098
"P:/Coding/Unreal Projects/Multiplayer-Project/MenuSystem/Content/Characters/Mannequins/Textures/Manny/T_Manny_01_MRA.uasset" 1099
"P:/Coding/Unreal Projects/Multiplayer-Project/MenuSystem/Content/Characters/Mannequins/Textures/Manny/T_Manny_01_MRA.uexp" 1100
"P:/Coding/Unreal Projects/Multiplayer-Project/MenuSystem/Content/Characters/Mannequins/Textures/Manny/T_Manny_01_D.ubulk" 1101
"P:/Coding/Unreal Projects/Multiplayer-Project/MenuSystem/Content/Characters/Mannequins/Textures/Manny/T_Manny_01_D.uasset" 1102
"P:/Coding/Unreal Projects/Multiplayer-Project/MenuSystem/Content/Characters/Mannequins/Textures/Manny/T_Manny_01_D.uexp" 1103
"P:/Coding/Unreal Projects/Multiplayer-Project/MenuSystem/Content/Characters/Mannequins/Textures/Manny/T_Manny_01_BN.ubulk" 1104
"P:/Coding/Unreal Projects/Multiplayer-Project/MenuSystem/Content/Characters/Mannequins/Textures/Manny/T_Manny_01_BN.uasset" 1105
"P:/Coding/Unreal Projects/Multiplayer-Project/MenuSystem/Content/Characters/Mannequins/Textures/Manny/T_Manny_01_BN.uexp" 1106
"P:/Coding/Unreal Projects/Multiplayer-Project/MenuSystem/Content/Characters/Mannequins/Materials/M_Mannequin.uasset" 1107
"P:/Coding/Unreal Projects/Multiplayer-Project/MenuSystem/Content/Characters/Mannequins/Materials/M_Mannequin.uexp" 1108
"P:/Coding/Unreal Projects/Multiplayer-Project/MenuSystem/Content/Characters/Mannequins/Materials/Quinn/MI_Quinn_01.uasset" 1109
"P:/Coding/Unreal Projects/Multiplayer-Project/MenuSystem/Content/Characters/Mannequins/Materials/Quinn/MI_Quinn_01.uexp" 1110
"P:/Coding/Unreal Projects/Multiplayer-Project/MenuSystem/Content/Characters/Mannequins/Materials/Quinn/MI_Quinn_02.uasset" 1111
"P:/Coding/Unreal Projects/Multiplayer-Project/MenuSystem/Content/Characters/Mannequins/Materials/Quinn/MI_Quinn_02.uexp" 1112
"P:/Coding/Unreal Projects/Multiplayer-Project/MenuSystem/Content/Characters/Mannequins/Meshes/SKM_Quinn_Simple.uasset" 1113
"P:/Coding/Unreal Projects/Multiplayer-Project/MenuSystem/Content/Characters/Mannequins/Meshes/SKM_Quinn_Simple.uexp" 1114
"../../../Engine/Content/Animation/DefaultAnimBoneCompressionSettings.uasset" 1115
"../../../Engine/Content/Animation/DefaultAnimBoneCompressionSettings.uexp" 1116
"../../../Engine/Content/Animation/DefaultAnimCurveCompressionSettings.uasset" 1117
"../../../Engine/Content/Animation/DefaultAnimCurveCompressionSettings.uexp" 1118
"../../../Engine/Content/Animation/DefaultVariableFrameStrippingSettings.uasset" 1119
"../../../Engine/Content/Animation/DefaultVariableFrameStrippingSettings.uexp" 1120
"P:/Coding/Unreal Projects/Multiplayer-Project/MenuSystem/Content/Characters/Mannequins/Anims/Unarmed/MM_Idle.uasset" 1121
"P:/Coding/Unreal Projects/Multiplayer-Project/MenuSystem/Content/Characters/Mannequins/Anims/Unarmed/MM_Idle.uexp" 1122
"../../../Engine/Plugins/Animation/ACLPlugin/Content/ACLAnimCurveCompressionSettings.uasset" 1123
"../../../Engine/Plugins/Animation/ACLPlugin/Content/ACLAnimCurveCompressionSettings.uexp" 1124
"P:/Coding/Unreal Projects/Multiplayer-Project/MenuSystem/Content/Characters/Mannequins/Anims/Unarmed/Walk/MF_Unarmed_Walk_Right.uasset" 1125
"P:/Coding/Unreal Projects/Multiplayer-Project/MenuSystem/Content/Characters/Mannequins/Anims/Unarmed/Walk/MF_Unarmed_Walk_Right.uexp" 1126
"P:/Coding/Unreal Projects/Multiplayer-Project/MenuSystem/Content/Characters/Mannequins/Anims/Unarmed/Walk/MF_Unarmed_Walk_Left.uasset" 1127
"P:/Coding/Unreal Projects/Multiplayer-Project/MenuSystem/Content/Characters/Mannequins/Anims/Unarmed/Walk/MF_Unarmed_Walk_Left.uexp" 1128
"../../../Engine/Content/Animation/DefaultRecorderBoneCompression.uasset" 1129
"../../../Engine/Content/Animation/DefaultRecorderBoneCompression.uexp" 1130
"P:/Coding/Unreal Projects/Multiplayer-Project/MenuSystem/Content/Characters/Mannequins/Anims/Unarmed/Walk/MF_Unarmed_Walk_Fwd_Right.uasset" 1131
"P:/Coding/Unreal Projects/Multiplayer-Project/MenuSystem/Content/Characters/Mannequins/Anims/Unarmed/Walk/MF_Unarmed_Walk_Fwd_Right.uexp" 1132
"P:/Coding/Unreal Projects/Multiplayer-Project/MenuSystem/Content/Characters/Mannequins/Anims/Unarmed/Walk/MF_Unarmed_Walk_Fwd_Left.uasset" 1133
"P:/Coding/Unreal Projects/Multiplayer-Project/MenuSystem/Content/Characters/Mannequins/Anims/Unarmed/Walk/MF_Unarmed_Walk_Fwd_Left.uexp" 1134
"P:/Coding/Unreal Projects/Multiplayer-Project/MenuSystem/Content/Characters/Mannequins/Anims/Unarmed/Walk/MF_Unarmed_Walk_Fwd.uasset" 1135
"P:/Coding/Unreal Projects/Multiplayer-Project/MenuSystem/Content/Characters/Mannequins/Anims/Unarmed/Walk/MF_Unarmed_Walk_Fwd.uexp" 1136
"P:/Coding/Unreal Projects/Multiplayer-Project/MenuSystem/Content/Characters/Mannequins/Anims/Unarmed/Walk/MF_Unarmed_Walk_Bwd_Right.uasset" 1137
"P:/Coding/Unreal Projects/Multiplayer-Project/MenuSystem/Content/Characters/Mannequins/Anims/Unarmed/Walk/MF_Unarmed_Walk_Bwd_Right.uexp" 1138
"P:/Coding/Unreal Projects/Multiplayer-Project/MenuSystem/Content/Characters/Mannequins/Anims/Unarmed/Walk/MF_Unarmed_Walk_Bwd_Left.uasset" 1139
"P:/Coding/Unreal Projects/Multiplayer-Project/MenuSystem/Content/Characters/Mannequins/Anims/Unarmed/Walk/MF_Unarmed_Walk_Bwd_Left.uexp" 1140
"P:/Coding/Unreal Projects/Multiplayer-Project/MenuSystem/Content/Characters/Mannequins/Anims/Unarmed/Walk/MF_Unarmed_Walk_Bwd.uasset" 1141
"P:/Coding/Unreal Projects/Multiplayer-Project/MenuSystem/Content/Characters/Mannequins/Anims/Unarmed/Walk/MF_Unarmed_Walk_Bwd.uexp" 1142
"P:/Coding/Unreal Projects/Multiplayer-Project/MenuSystem/Content/Characters/Mannequins/Anims/Unarmed/Jog/MF_Unarmed_Jog_Bwd.uasset" 1143
"P:/Coding/Unreal Projects/Multiplayer-Project/MenuSystem/Content/Characters/Mannequins/Anims/Unarmed/Jog/MF_Unarmed_Jog_Bwd.uexp" 1144
"P:/Coding/Unreal Projects/Multiplayer-Project/MenuSystem/Content/Characters/Mannequins/Anims/Unarmed/Jog/MF_Unarmed_Jog_Bwd_Left.uasset" 1145
"P:/Coding/Unreal Projects/Multiplayer-Project/MenuSystem/Content/Characters/Mannequins/Anims/Unarmed/Jog/MF_Unarmed_Jog_Bwd_Left.uexp" 1146
"P:/Coding/Unreal Projects/Multiplayer-Project/MenuSystem/Content/Characters/Mannequins/Anims/Unarmed/Jog/MF_Unarmed_Jog_Bwd_Right.uasset" 1147
"P:/Coding/Unreal Projects/Multiplayer-Project/MenuSystem/Content/Characters/Mannequins/Anims/Unarmed/Jog/MF_Unarmed_Jog_Bwd_Right.uexp" 1148
"P:/Coding/Unreal Projects/Multiplayer-Project/MenuSystem/Content/Characters/Mannequins/Anims/Unarmed/Jog/MF_Unarmed_Jog_Fwd.uasset" 1149
"P:/Coding/Unreal Projects/Multiplayer-Project/MenuSystem/Content/Characters/Mannequins/Anims/Unarmed/Jog/MF_Unarmed_Jog_Fwd.uexp" 1150
"P:/Coding/Unreal Projects/Multiplayer-Project/MenuSystem/Content/Characters/Mannequins/Anims/Unarmed/Jog/MF_Unarmed_Jog_Fwd_Left.uasset" 1151
"P:/Coding/Unreal Projects/Multiplayer-Project/MenuSystem/Content/Characters/Mannequins/Anims/Unarmed/Jog/MF_Unarmed_Jog_Fwd_Left.uexp" 1152
"P:/Coding/Unreal Projects/Multiplayer-Project/MenuSystem/Content/Characters/Mannequins/Anims/Unarmed/Jog/MF_Unarmed_Jog_Fwd_Right.uasset" 1153
"P:/Coding/Unreal Projects/Multiplayer-Project/MenuSystem/Content/Characters/Mannequins/Anims/Unarmed/Jog/MF_Unarmed_Jog_Fwd_Right.uexp" 1154
"P:/Coding/Unreal Projects/Multiplayer-Project/MenuSystem/Content/Characters/Mannequins/Anims/Unarmed/Jog/MF_Unarmed_Jog_Left.uasset" 1155
"P:/Coding/Unreal Projects/Multiplayer-Project/MenuSystem/Content/Characters/Mannequins/Anims/Unarmed/Jog/MF_Unarmed_Jog_Left.uexp" 1156
"P:/Coding/Unreal Projects/Multiplayer-Project/MenuSystem/Content/Characters/Mannequins/Anims/Unarmed/Jog/MF_Unarmed_Jog_Right.uasset" 1157
"P:/Coding/Unreal Projects/Multiplayer-Project/MenuSystem/Content/Characters/Mannequins/Anims/Unarmed/Jog/MF_Unarmed_Jog_Right.uexp" 1158
"P:/Coding/Unreal Projects/Multiplayer-Project/MenuSystem/Content/Characters/Mannequins/Anims/Unarmed/BS_Idle_Walk_Run.uasset" 1159
"P:/Coding/Unreal Projects/Multiplayer-Project/MenuSystem/Content/Characters/Mannequins/Anims/Unarmed/BS_Idle_Walk_Run.uexp" 1160
"P:/Coding/Unreal Projects/Multiplayer-Project/MenuSystem/Content/Characters/Mannequins/Anims/Unarmed/Jump/MM_Fall_Loop.uasset" 1161
"P:/Coding/Unreal Projects/Multiplayer-Project/MenuSystem/Content/Characters/Mannequins/Anims/Unarmed/Jump/MM_Fall_Loop.uexp" 1162
"P:/Coding/Unreal Projects/Multiplayer-Project/MenuSystem/Content/Characters/Mannequins/Anims/Unarmed/Jump/MM_Jump.uasset" 1163
"P:/Coding/Unreal Projects/Multiplayer-Project/MenuSystem/Content/Characters/Mannequins/Anims/Unarmed/Jump/MM_Jump.uexp" 1164
"P:/Coding/Unreal Projects/Multiplayer-Project/MenuSystem/Content/Characters/Mannequins/Anims/Unarmed/Jump/MM_Land.uasset" 1165
"P:/Coding/Unreal Projects/Multiplayer-Project/MenuSystem/Content/Characters/Mannequins/Anims/Unarmed/Jump/MM_Land.uexp" 1166
"../../../Engine/Plugins/Animation/ControlRig/Content/Controls/DefaultGizmoLibraryNormalized.uasset" 1167
"../../../Engine/Plugins/Animation/ControlRig/Content/Controls/DefaultGizmoLibraryNormalized.uexp" 1168
"P:/Coding/Unreal Projects/Multiplayer-Project/MenuSystem/Content/Characters/Mannequins/Rigs/CR_Mannequin_FootIK.uasset" 1169
"P:/Coding/Unreal Projects/Multiplayer-Project/MenuSystem/Content/Characters/Mannequins/Rigs/CR_Mannequin_FootIK.uexp" 1170
"P:/Coding/Unreal Projects/Multiplayer-Project/MenuSystem/Content/Characters/Mannequins/Anims/Unarmed/ABP_Unarmed.uasset" 1171
"P:/Coding/Unreal Projects/Multiplayer-Project/MenuSystem/Content/Characters/Mannequins/Anims/Unarmed/ABP_Unarmed.uexp" 1172
"P:/Coding/Unreal Projects/Multiplayer-Project/MenuSystem/Content/ThirdPerson/Blueprints/BP_ThirdPersonCharacter.uasset" 1173
"P:/Coding/Unreal Projects/Multiplayer-Project/MenuSystem/Content/ThirdPerson/Blueprints/BP_ThirdPersonCharacter.uexp" 1174
"P:/Coding/Unreal Projects/Multiplayer-Project/MenuSystem/Content/ThirdPerson/Blueprints/BP_ThirdPersonGameMode.uasset" 1175
"P:/Coding/Unreal Projects/Multiplayer-Project/MenuSystem/Content/ThirdPerson/Blueprints/BP_ThirdPersonGameMode.uexp" 1176
"P:/Coding/Unreal Projects/Multiplayer-Project/MenuSystem/Content/ThirdPerson/Lvl_ThirdPerson.uexp" 1177
"P:/Coding/Unreal Projects/Multiplayer-Project/MenuSystem/Content/ThirdPerson/Lvl_ThirdPerson.umap" 1178
